"mo","fullname","n"
"B_BGRLL_APPS","Bogoriella apposita",5
"B_BGRLL_CHQT","Bogoriella chiquitana",5
"B_BGRLL_CLLS","Bogoriella collospora",5
"B_BGRLL_CMPL","Bogoriella complexoluminata",5
"B_BGRLL_CNFL","Bogoriella confluens",5
"B_BGRLL_CNTH","Bogoriella conothelena",5
"B_BGRLL_DCPN","Bogoriella decipiens",5
"B_BGRLL_HNCA","Bogoriella xanthonica",5
"B_BGRLL_ISTH","Bogoriella isthmospora",5
"B_BGRLL_MCRC","Bogoriella macrocarpa",5
"B_BGRLL_MDST","Bogoriella modesta",5
"B_BGRLL_MGSP","Bogoriella megaspora",5
"B_BGRLL_OBVT","Bogoriella obovata",5
"B_BGRLL_OLES","Bogoriella oleosa",5
"B_BGRLL_PCHY","Bogoriella pachytheca",5
"B_BGRLL_PNDN","Bogoriella pandanicola",5
"B_BGRLL_QNSL","Bogoriella queenslandica",5
"B_BGRLL_RBRS","Bogoriella rubrostoma",5
"B_BGRLL_SBPR","Bogoriella subpersicina",5
"B_BGRLL_THLN","Bogoriella thelena",5
"B_BGRLL_TRNG","Bogoriella triangularis",5
"B_BGRLL_XNTH","Bogoriella xantholateralis",5
"B_FRNDC_TNTR","Frondicola tunitricuspis",5
"B_LNGSP_CLMT","Longispora clematidis",5
"B_MCRSPH_ACAC","Microsphaera acaciae",5
"B_MCRSPH_ASTR","Microsphaera astragali",5
"B_MCRSPH_ATRP","Microsphaera atraphaxidis",5
"B_MCRSPH_BRDS_BRBR","Microsphaera berberidis berberidis",5
"B_MCRSPH_CCCL","Microsphaera cocculi",5
"B_MCRSPH_CMMT","Microsphaera commata",5
"B_MCRSPH_CNTH","Microsphaera ceanothi",5
"B_MCRSPH_COMT","Microsphaera comata",5
"B_MCRSPH_DCSR","Microsphaera decaisoreae",5
"B_MCRSPH_ENYM","Microsphaera euonymi",5
"B_MCRSPH_FRXN","Microsphaera fraxini",5
"B_MCRSPH_FVRG","Microsphaera favargeri",5
"B_MCRSPH_GRSS","Microsphaera grossulariae",5
"B_MCRSPH_HLSR","Microsphaera holosericea",5
"B_MCRSPH_INDC","Microsphaera indica",5
"B_MCRSPH_JCZW","Microsphaera jaczewskii",5
"B_MCRSPH_LTHY","Microsphaera lathyri",5
"B_MCRSPH_PADR","Microsphaera paederiae",5
"B_MCRSPH_PHXS","Microsphaera atraphaxis",5
"B_MCRSPH_PNCL_CRYL","Microsphaera penicillata coryli",5
"B_MCRSPH_PNCL_LTHY","Microsphaera penicillata lathyri",5
"B_MCRSPH_QRCS","Microsphaera quercus",5
"B_MCRSPH_RUBI","Microsphaera rubi",5
"B_MCRSPH_SEDI","Microsphaera sedi",5
"B_MCRSPH_SLVT","Microsphaera silvatica",5
"B_MCRSPH_SOJA","Microsphaera sojae",5
"B_MCRSPH_TRFL_CRCH","Microsphaera trifolii cruchetiana",5
"B_MCRSPH_UMBL_SEDI","Microsphaera umbilici sedi",5
"B_MCRSPH_VRBL","Microsphaera variabilis",5
"B_MCRSPH_YMDI","Microsphaera yamadai",5
"B_MRGNL_AFRA","Morganella afra",52
"B_MRGNL_ASTR","Morganella austromontana",52
"B_MRGNL_JMNI","Morganella benjaminii",52
"B_MRGNL_MXCN","Morganella mexicana",52
"B_MRGNL_PGGR","Morganella puiggarii",52
"B_MRGNL_RIMS","Morganella rimosa",52
"B_MRGNL_SMNS","Morganella samoensis",52
"B_MRGNL_STRC","Morganella stercoraria",52
"B_[FAM]_GEOCHRDC","Geochordaceae",5
"F_STTHRX_CHLC","Streptothrix chalcea",5
"F_STTHRX_CLCL","Streptothrix coelicolor",5
"F_STTHRX_RUBR","Streptothrix rubra",5
"P_PHYTM_CCHR","Phytomonas cichorii",76
"P_PHYTM_FSCN","Phytomonas fascians",5
"P_PHYTM_RHPN","Phytomonas rhapontica",52
