"cycle","made_accepted","reason"
"Capillidium denaeosporus | Conidiobolus denaeosporum","Capillidium denaeosporus","contradicting statements of GBIF - all accepted, NEEDS A HUMAN DECISION"
"Capillidium denaeosporus | Conidiobolus denaeosporum","Conidiobolus denaeosporum","contradicting statements of GBIF - all accepted, NEEDS A HUMAN DECISION"
"Capillidium lobatus | Conidiobolus lobatum","Capillidium lobatus","contradicting statements of GBIF - all accepted, NEEDS A HUMAN DECISION"
"Capillidium lobatus | Conidiobolus lobatum","Conidiobolus lobatum","contradicting statements of GBIF - all accepted, NEEDS A HUMAN DECISION"
"Capillidium rhysosporus | Conidiobolus rhysosporum","Capillidium rhysosporus","contradicting statements of GBIF - all accepted, NEEDS A HUMAN DECISION"
"Capillidium rhysosporus | Conidiobolus rhysosporum","Conidiobolus rhysosporum","contradicting statements of GBIF - all accepted, NEEDS A HUMAN DECISION"
"Ochroconis aquaticum | Scolecobasidium aquatica","Ochroconis aquaticum","contradicting statements of GBIF - all accepted, NEEDS A HUMAN DECISION"
"Ochroconis aquaticum | Scolecobasidium aquatica","Scolecobasidium aquatica","contradicting statements of GBIF - all accepted, NEEDS A HUMAN DECISION"
"Ochroconis olivaceum | Scolecobasidium olivacea","Ochroconis olivaceum","contradicting statements of GBIF - all accepted, NEEDS A HUMAN DECISION"
"Ochroconis olivaceum | Scolecobasidium olivacea","Scolecobasidium olivacea","contradicting statements of GBIF - all accepted, NEEDS A HUMAN DECISION"
"Ochroconis phaeophorum | Scolecobasidium phaeophora","Ochroconis phaeophorum","contradicting statements of GBIF - all accepted, NEEDS A HUMAN DECISION"
"Ochroconis phaeophorum | Scolecobasidium phaeophora","Scolecobasidium phaeophora","contradicting statements of GBIF - all accepted, NEEDS A HUMAN DECISION"
"Ochroconis ramosum | Scolecobasidium ramosa","Ochroconis ramosum","contradicting statements of GBIF - all accepted, NEEDS A HUMAN DECISION"
"Ochroconis ramosum | Scolecobasidium ramosa","Scolecobasidium ramosa","contradicting statements of GBIF - all accepted, NEEDS A HUMAN DECISION"
"Ochroconis robustum | Scolecobasidium robusta","Ochroconis robustum","contradicting statements of GBIF - all accepted, NEEDS A HUMAN DECISION"
"Ochroconis robustum | Scolecobasidium robusta","Scolecobasidium robusta","contradicting statements of GBIF - all accepted, NEEDS A HUMAN DECISION"
"Ochroconis verrucosum | Scolecobasidium verrucosa","Ochroconis verrucosum","contradicting statements of GBIF - all accepted, NEEDS A HUMAN DECISION"
"Ochroconis verrucosum | Scolecobasidium verrucosa","Scolecobasidium verrucosa","contradicting statements of GBIF - all accepted, NEEDS A HUMAN DECISION"
"Pseudosigmoidea excentricum | Scolecobasidium excentrica","Pseudosigmoidea excentricum","contradicting statements of GBIF - all accepted, NEEDS A HUMAN DECISION"
"Pseudosigmoidea excentricum | Scolecobasidium excentrica","Scolecobasidium excentrica","contradicting statements of GBIF - all accepted, NEEDS A HUMAN DECISION"
