"fullname","domain","order","new_family","source"
"Acarus","Animalia","","Acaridae","GBIF"
"Aglaospora","Fungi","","Massariaceae","GBIF"
"Albigo","Fungi","","Erysiphaceae","GBIF"
"Amaropostia","Fungi","Polyporales","Fomitopsidaceae","manually added"
"Amphiloma","Fungi","","Teloschistaceae","GBIF"
"Amylomyces","Fungi","","Rhizopodaceae","GBIF"
"Anisoptera","Animalia","","Tettigoniidae","GBIF"
"Aonchotheca","Animalia","","Capillariidae","GBIF"
"Aploparaksis","Animalia","","Hymenolepididae","GBIF"
"Arnoldiomyces","Fungi","","Hypocreaceae","GBIF"
"Arxula","Fungi","","Trichomonascaceae","GBIF"
"Ascaris","Animalia","Rhabditida","Ascarididae","GBIF"
"Ascovirgaria","Fungi","","Xylariaceae","GBIF"
"Atelosaccharomyces","Fungi","","Tremellaceae","GBIF"
"Azygozygum","Fungi","","Mortierellaceae","GBIF"
"Bahusandhika","Fungi","Pleosporales","Lentimurisporaceae","manually added"
"Balamuthia","Protozoa","","Balamuthiidae","GBIF"
"Balantidiopsis","Chromista","","Balantidiidae","GBIF"
"Bibio","Animalia","","Bibionidae","GBIF"
"Bordnamonas","Protozoa","","Trypanosomatidae","manually added"
"Bothriocephalus","Animalia","","Bothriocephalidae","GBIF"
"Bourdotia","Fungi","Auriculariales","Hyaloriaceae","GBIF"
"Bulleromyces","Fungi","","Tremellaceae","GBIF"
"Bursaria","Chromista","","Bursariidae","GBIF"
"Calcipostia","Fungi","Polyporales","Fomitopsidaceae","manually added"
"Cantharellopsis","Fungi","Hymenochaetales","Repetobasidiaceae","manually added"
"Carlia","Fungi","","Botryosphaeriaceae","GBIF"
"Cashia","Protozoa","","Hartmannellidae","manually added"
"Catocarpus","Fungi","","Rhizocarpaceae","GBIF"
"Caumadothis","Fungi","","Botryosphaeriaceae","GBIF"
"Celidium","Fungi","","Arthoniaceae","GBIF"
"Cercaria","Animalia","","Fellodistomatidae","GBIF"
"Chaos","Protozoa","","Amoebidae","manually added"
"Cheirosporium","Fungi","Pleosporales","Dictyosporiaceae","manually added"
"Chromocrea","Fungi","","Hypocreaceae","GBIF"
"Ciliciopodium","Fungi","","Nectriaceae","GBIF"
"Clasterosporium","Fungi","","Magnaporthaceae","GBIF"
"Claviceps","Fungi","","Clavicipitaceae","GBIF"
"Clematidis","Fungi","Pleosporales","Pseudolophiotremataceae","manually added"
"Conanalus","Animalia","","Tettigoniidae","GBIF"
"Conida","Fungi","","Arthoniaceae","GBIF"
"Coniochaetidium","Fungi","","Coniochaetaceae","GBIF"
"Coprotus","Fungi","Pezizales","Coprotaceae","manually added"
"Courtoisia","Fungi","","Physciaceae","GBIF"
"Creopus","Fungi","","Hypocreaceae","GBIF"
"Crinula","Fungi","","Bulgariaceae","GBIF"
"Crivellia","Fungi","","Pleosporaceae","GBIF"
"Cunninghamia","Fungi","","Choanephoraceae","GBIF"
"Cuterebra","Animalia","","Oestridae","GBIF"
"Cylindrium","Fungi","","Cylindriaceae","GBIF"
"Dactylomyces","Fungi","","Trichocomaceae","GBIF"
"Decticus","Animalia","","Tettigoniidae","GBIF"
"Delacroixia","Fungi","","Ancylistaceae","GBIF"
"Dibothriocephalus","Animalia","","Diphyllobothriidae","GBIF"
"Dichaena","Fungi","","Ascodichaenaceae","GBIF"
"Dichotomomyces","Fungi","","Aspergillaceae","GBIF"
"Dilepis","Animalia","","Dilepididae","GBIF"
"Diplocladium","Fungi","","Hypocreaceae","GBIF"
"Diplonema","Protozoa","Diplonemida","Diplonemidae","manually added"
"Distoma","Animalia","","Gymnophallidae","GBIF"
"Distomum","Animalia","","Fasciolidae","GBIF"
"Drepanidotaenia","Animalia","","Hymenolepididae","GBIF"
"Echinalosia","Animalia","","Dasyalosiidae","GBIF"
"Echinocoleus","Animalia","","Capillariidae","GBIF"
"Echinoparyphium","Animalia","","Echinostomatidae","GBIF"
"Edyuillia","Fungi","","Trichocomaceae","GBIF"
"Emmia","Fungi","","Oxyporaceae","GBIF"
"Enchelyodon","Chromista","","Trachelophyllidae","GBIF"
"Erostella","Fungi","","Togniniaceae","GBIF"
"Eucoleus","Animalia","","Capillariidae","GBIF"
"Euparyphium","Animalia","","Echinostomatidae","GBIF"
"Farrowia","Fungi","","Chaetomiaceae","GBIF"
"Fascioloides","Animalia","","Fasciolidae","GBIF"
"Fennellia","Fungi","","Trichocomaceae","GBIF"
"Filaria","Animalia","","Filariidae","GBIF"
"Friesia","Fungi","","Polyporaceae","GBIF"
"Fuscopostia","Fungi","Polyporales","Fomitopsidaceae","manually added"
"Gabura","Fungi","","Arctomiaceae","GBIF"
"Gasparrinia","Fungi","","Teloschistaceae","GBIF"
"Glaeseria","Protozoa","","Hartmannellidae","manually added"
"Goezia","Animalia","","Raphidascarididae","GBIF"
"Gordonomyces","Fungi","Pleosporales","Fusculinaceae","manually added"
"Grandiniella","Fungi","","Phanerochaetaceae","GBIF"
"Gryllus","Animalia","","Gryllidae","GBIF"
"Gussonea","Fungi","","Acarosporaceae","GBIF"
"Gyraria","Fungi","","Tremellaceae","GBIF"
"Haematonectria","Fungi","","Nectriaceae","GBIF"
"Haplorchis","Animalia","","Heterophyidae","GBIF"
"Haradaea","Fungi","","Microbotryaceae","GBIF"
"Heliscus","Fungi","","Nectriaceae","GBIF"
"Hemicarpenteles","Fungi","","Trichocomaceae","GBIF"
"Hemisincirra","Chromista","","Amphisiellidae","GBIF"
"Hepatiarius","Animalia","","Opisthorchiidae","GBIF"
"Heterospora","Fungi","","Leptosphaeriaceae","GBIF"
"Himantia","Fungi","","Physalacriaceae","MycoBank"
"Hydramoeba","Protozoa","","Amoebidae","manually added"
"Hyphonectria","Fungi","","Bionectriaceae","GBIF"
"Idiophlebotomus","Animalia","","Psychodidae","GBIF"
"Illosporium","Fungi","","Bionectriaceae","GBIF"
"Imbricaria","Fungi","","Physciaceae","GBIF"
"Inflatispora","Fungi","Pleosporales","Pleomonodictydaceae","manually added"
"Inodermus","Fungi","","Hymenochaetaceae","GBIF"
"Institale","Fungi","","Xylariaceae","GBIF"
"Klauderuiella","Fungi","","Teloschistaceae","GBIF"
"Knyaria","Fungi","","Nectriaceae","GBIF"
"Labyrinthula","Chromista","","Labyrinthulaceae","GBIF"
"Lacazia","Fungi","Onygenales","Ajellomycetaceae","MycoBank"
"Leiosepium","Fungi","","Hypocreaceae","GBIF"
"Leucosporidiella","Fungi","","Leucosporidiaceae","GBIF"
"Lewia","Fungi","","Pleosporaceae","GBIF"
"Lichen","Fungi","","Parmeliaceae","GBIF"
"Ligula","Animalia","","Diphyllobothriidae","GBIF"
"Liroa","Fungi","","Microbotryaceae","GBIF"
"Lisea","Fungi","","Nectriaceae","GBIF"
"Loboa","Fungi","","Ajellomycetaceae","GBIF"
"Locusta","Animalia","","Acrididae","GBIF"
"Lophoderma","Fungi","","Rhytismataceae","GBIF"
"Luffisphaera","Protozoa","","Luffisphaeridae","manually added"
"Marfloraea","Fungi","","Pertusariaceae","GBIF"
"Masonia","Fungi","","Saccardiaceae","GBIF"
"Mastigobasidium","Fungi","","Leucosporidiaceae","GBIF"
"Mauginiella","Fungi","","Phaeosphaeriaceae","MycoBank"
"Megalonectria","Fungi","","Nectriaceae","GBIF"
"Megalotheca","Animalia","","Tettigoniidae","GBIF"
"Merimbla","Fungi","","Trichocomaceae","GBIF"
"Micropyxis","Fungi","","Helicogoniaceae","GBIF"
"Monocillium","Fungi","","Niessliaceae","GBIF"
"Musca","Animalia","","Muscidae","GBIF"
"Mycogone","Fungi","","Hypocreaceae","GBIF"
"Mycoleptodon","Fungi","","Meruliaceae","GBIF"
"Myxobilimbia","Fungi","","Lecideaceae","GBIF"
"Nattrassia","Fungi","","Botryosphaeriaceae","GBIF"
"Neomedicopsis","Fungi","Pleosporales","Neohendersoniaceae","manually added"
"Neooccultibambusa","Fungi","Pleosporales","Occultibambusaceae","manually added"
"Neostrelitziana","Fungi","Chaetothyriales","Trichomeriaceae","manually added"
"Niesslia","Fungi","","Niessliaceae","GBIF"
"Nomuraea","Fungi","","Clavicipitaceae","GBIF"
"Nyctalis","Fungi","","Lyophyllaceae","GBIF"
"Obryzum","Fungi","","Obryzaceae","GBIF"
"Ochromyia","Animalia","","Calliphoridae","GBIF"
"Oedemocarpus","Fungi","","Mycoblastaceae","GBIF"
"Oestrus","Animalia","","Oestridae","GBIF"
"Orchelimum","Animalia","","Tettigoniidae","GBIF"
"Ornithobilharzia","Animalia","","Schistosomatidae","GBIF"
"Paramaecium","Chromista","","Parameciidae","GBIF"
"Paramecium","Chromista","","Parameciidae","GBIF"
"Paryphostomum","Animalia","","Echinostomatidae","GBIF"
"Peckiella","Fungi","","Hypocreaceae","GBIF"
"Peethambara","Fungi","","Stachybotryaceae","GBIF"
"Petriellidium","Fungi","","Microascaceae","GBIF"
"Petromyces","Fungi","","Trichocomaceae","GBIF"
"Phocascaris","Animalia","","Anisakidae","GBIF"
"Placodes","Fungi","","Polyporaceae","GBIF"
"Placodium","Fungi","","Teloschistaceae","GBIF"
"Plectosporium","Fungi","","Plectosphaerellaceae","GBIF"
"Pleurosordaria","Fungi","","Lasiosphaeriaceae","GBIF"
"Pleurostomophora","Fungi","","Pleurostomataceae","GBIF"
"Podocrea","Fungi","","Hypocreaceae","GBIF"
"Podostroma","Fungi","","Hypocreaceae","GBIF"
"Polychaos","Protozoa","","Amoebidae","manually added"
"Polyschema","Fungi","Pleosporales","Latoruaceae","manually added"
"Polyspora","Fungi","","Saccotheciaceae","GBIF"
"Porophora","Fungi","","Trypetheliaceae","GBIF"
"Protocrea","Fungi","","Hypocreaceae","GBIF"
"Pseudobilharziella","Animalia","","Schistosomatidae","GBIF"
"Pseudochaetosphaeronema","Fungi","Pleosporales","Macrodiplodiopsidaceae","manually added"
"Pseudofusarium","Fungi","","Nectriaceae","GBIF"
"Pseudohypocrea","Fungi","","Hypocreaceae","GBIF"
"Pseudoramichloridium","Fungi","Mycosphaerellales","Extremaceae","manually added"
"Pseudostypella","Fungi","","Auriculariaceae","GBIF"
"Pteridiospora","Fungi","Pleosporales","Astrosphaeriellaceae","manually added"
"Pycnoporus","Fungi","","Polyporaceae","GBIF"
"Pyrenotea","Fungi","","Roccellaceae","GBIF"
"Raphiospora","Fungi","","Arthrorhaphidaceae","GBIF"
"Rhaphidospora","Fungi","","Magnaporthaceae","GBIF"
"Rhizoplecta","Protozoa","","Plectanidae","manually added"
"Rhodosporidium","Fungi","","Sporidiobolaceae","GBIF"
"Saccomorpha","Fungi","","Agyriaceae","GBIF"
"Savulescuella","Fungi","","Doassansiaceae","GBIF"
"Scaphoideus","Animalia","","Cicadellidae","GBIF"
"Scindalma","Fungi","","Hymenochaetaceae","GBIF"
"Scoleconectria","Fungi","","Nectriaceae","GBIF"
"Sergentomyia","Animalia","","Psychodidae","GBIF"
"Setosphaeria","Fungi","","Pleosporaceae","GBIF"
"Soppittiella","Fungi","","Sebacinaceae","GBIF"
"Sorolpidium","Chromista","","Plasmodiophoridae","GBIF"
"Sorosphaera","Chromista","","Psammosphaeridae","GBIF"
"Sparganum","Animalia","","Diphyllobothriidae","GBIF"
"Spumatoria","Fungi","","Ophiostomataceae","GBIF"
"Strophalosia","Animalia","","Strophalosiidae","GBIF"
"Subglobosporium","Fungi","Pleosporales","Pseudocoleodictyosporaceae","manually added"
"Sympodiomyces","Fungi","","Trichomonascaceae","GBIF"
"Terranova","Animalia","","Anisakidae","GBIF"
"Thysanophora","Fungi","","Trichocomaceae","GBIF"
"Trichamoeba","Protozoa","","Amoebidae","manually added"
"Trichobotrys","Fungi","Pleosporales","Dictyosporiaceae","manually added"
"Trichonema","Protozoa","","Trichonematidae","manually added"
"Trichosomum","Animalia","","Capillariidae","GBIF"
"Vermamoeba","Protozoa","","Vermamoebidae","manually added"
"Versicolorisporium","Fungi","Pleosporales","Occultibambusaceae","manually added"
"Waltomyces","Fungi","","Lipomycetaceae","GBIF"
"Wardium","Animalia","","Hymenolepididae","GBIF"
"Weitenwebera","Fungi","","Thelenellaceae","GBIF"
"Williopsis","Fungi","","Saccharomycetaceae","GBIF"
"Winteria","Fungi","","Bionectriaceae","GBIF"
"Xiphidion","Animalia","","Tettigoniidae","GBIF"
"Xiphidiopsis","Animalia","","Tettigoniidae","GBIF"
"Zygopichia","Fungi","","Pichiaceae","GBIF"
"Zygorhynchus","Fungi","","Mucoraceae","GBIF"
"Zygowilliopsis","Fungi","","Phaffomycetaceae","GBIF"
