"domain_old","domain","genus","n"
"Fungi","Animalia","Capillaria",66
"Bacteria","Fungi","Actinomycodium",2
"Fungi","Animalia","Necator",2
"Fungi","Chromista","Diplophrys",2
"Fungi","Chromista","Oblongichytrium",2
"Fungi","Chromista","Sorodiplophrys",2
"Fungi","Protozoa","Pleistosporidium",2
"(unknown kingdom)","(unknown domain)","(unknown",1
"Bacteria","Fungi","Tubercularia",1
"Fungi","Chromista","Diplophryidae",1
"Fungi","Chromista","Oblongichytriidae",1
"Fungi","Chromista","Sorodiplophryidae",1
"Fungi","Protozoa","Microsporea",1
"Fungi","Protozoa","Pleistosporidiidae",1
