"genus","domain_without_release","released","released_decides","override"
"Actinomycodium","Fungi","Bacteria",FALSE,
"Amoebophilus","Fungi","Bacteria",TRUE,
"Aplanochytrium","Chromista","Fungi",TRUE,
"Bacterium","Archaea","Bacteria",TRUE,
"Bogoriella","Fungi","Bacteria",TRUE,
"Chytridiopsis","Protozoa","Fungi",FALSE,
"Coleospora","Fungi","Protozoa",TRUE,
"Copromonas","Protozoa","Bacteria",TRUE,
"Dictydiaethalium","Protozoa","Fungi",FALSE,
"Diplonema","Fungi","Protozoa",TRUE,
"Diplophrys","Chromista","Fungi",FALSE,
"Enterocytozoon","Fungi","Protozoa",TRUE,
"Frondicola","Fungi","Bacteria",TRUE,
"Intexta","Protozoa","Fungi",FALSE,
"Microfilum","Protozoa","Fungi",FALSE,
"Moorella","Fungi","Bacteria",TRUE,
"Nephridiophaga","Protozoa","Fungi",TRUE,
"Nolleria","Protozoa","Fungi",FALSE,
"Oblongichytrium","Chromista","Fungi",FALSE,
"Oscillaria","Chromista","Bacteria",TRUE,
"Pirella","Fungi","Bacteria",TRUE,
"Pleistosporidium","Protozoa","Fungi",FALSE,
"Polymorphum","Fungi","Bacteria",TRUE,
"Rozella","Protozoa","Fungi",TRUE,
"Serpula","Fungi","Bacteria",TRUE,
"Sorodiplophrys","Chromista","Fungi",FALSE,
"Tubercularia","Fungi","Bacteria",FALSE,
