"class","order","status","n_records"
"","","synonym",644
"Agaricomycetes","Phallales","synonym",2
"Agaricomycetes","Polyporales","synonym",6
"Arthoniomycetes","","accepted",1
"Arthoniomycetes","Arthoniales","accepted",40
"Arthoniomycetes","Arthoniales","synonym",216
"Arthoniomycetes","Lichenostigmatales","accepted",4
"Arthoniomycetes","Lichenostigmatales","synonym",1
"Dothideomycetes","Abrothallales","synonym",1
"Dothideomycetes","Asterinales","synonym",2
"Dothideomycetes","Botryosphaeriales","synonym",1
"Dothideomycetes","Dothideales","synonym",1
"Dothideomycetes","Eremithallales","synonym",2
"Dothideomycetes","Monoblastiales","synonym",1
"Dothideomycetes","Mycosphaerellales","synonym",1
"Dothideomycetes","Patellariales","synonym",123
"Dothideomycetes","Pleosporales","synonym",2
"Eurotiomycetes","Mycocaliciales","synonym",1
"Eurotiomycetes","Pyrenulales","synonym",1
"Eurotiomycetes","Verrucariales","accepted",5
"Eurotiomycetes","Verrucariales","synonym",55
"Lecanoromycetes","","accepted",2
"Lecanoromycetes","Acarosporales","accepted",4
"Lecanoromycetes","Baeomycetales","accepted",24
"Lecanoromycetes","Baeomycetales","synonym",29
"Lecanoromycetes","Caliciales","accepted",43
"Lecanoromycetes","Caliciales","synonym",203
"Lecanoromycetes","Graphidales","accepted",13
"Lecanoromycetes","Graphidales","synonym",98
"Lecanoromycetes","Gyalectales","accepted",10
"Lecanoromycetes","Gyalectales","synonym",18
"Lecanoromycetes","Lecanorales","accepted",157
"Lecanoromycetes","Lecanorales","synonym",1109
"Lecanoromycetes","Lecideales","accepted",26
"Lecanoromycetes","Lecideales","synonym",550
"Lecanoromycetes","Micropeltidales","accepted",2
"Lecanoromycetes","Odontotrematales","accepted",2
"Lecanoromycetes","Ostropales","accepted",7
"Lecanoromycetes","Ostropales","synonym",1
"Lecanoromycetes","Peltigerales","accepted",49
"Lecanoromycetes","Peltigerales","synonym",237
"Lecanoromycetes","Pertusariales","accepted",20
"Lecanoromycetes","Pertusariales","synonym",39
"Lecanoromycetes","Rhizocarpales","accepted",13
"Lecanoromycetes","Rhizocarpales","synonym",37
"Lecanoromycetes","Schaereriales","accepted",4
"Lecanoromycetes","Schaereriales","synonym",4
"Lecanoromycetes","Teloschistales","accepted",51
"Lecanoromycetes","Teloschistales","synonym",177
"Lecanoromycetes","Thelenellales","accepted",2
"Lecanoromycetes","Turquoiseomycetales","accepted",2
"Lecanoromycetes","Umbilicariales","accepted",10
"Lecanoromycetes","Umbilicariales","synonym",4
"Leotiomycetes","Helotiales","synonym",3
"Leotiomycetes","Leotiales","synonym",1
"Leotiomycetes","Rhytismatales","synonym",1
"Leotiomycetes","Thelebolales","synonym",1
"Lichinomycetes","","accepted",1
"Lichinomycetes","Candelariales","accepted",7
"Lichinomycetes","Candelariales","synonym",15
"Lichinomycetes","Coniocybales","accepted",7
"Lichinomycetes","Coniocybales","synonym",9
"Lichinomycetes","Geoglossales","accepted",2
"Lichinomycetes","Lichinales","accepted",4
"Lichinomycetes","Lichinales","synonym",3
"Lichinomycetes","Sareales","accepted",8
"Lichinomycetes","Sareales","synonym",6
"Lichinomycetes","Symbiotaphrinales","accepted",4
"Lichinomycetes","Xylonales","accepted",2
"Mucoromycetes","Mucorales","synonym",2
"Pezizomycetes","Pezizales","synonym",3
"Sordariomycetes","Diaporthales","synonym",2
"Sordariomycetes","Hypocreales","synonym",7
"Sordariomycetes","Ophiostomatales","synonym",1
"Sordariomycetes","Xylariales","synonym",1
"Tremellomycetes","Tremellales","synonym",3
