"rank","name","domain","action"
"family","Plasmodiidae","Protozoa","moved from Protozoa"
"order","Thraustochytrida","Chromista","not possible, the name is used in another domain or at another rank"
"order","Trichiales","Fungi","not possible, the name is used in another domain or at another rank"
"class","Acantharia","Protozoa","not possible, the name is used in another domain or at another rank"
"class","Labyrinthulea","Chromista","not possible, the name is used in another domain or at another rank"
"class","Myxomycetes","Protozoa","not possible, the name is used in another domain or at another rank"
"class","Myxomycetes","Fungi","not possible, the name is used in another domain or at another rank"
"class","Kapabacteria","Bacteria","not possible, the name is used in another domain or at another rank"
"phylum","Bigyra","Fungi","not possible, the name is used in another domain or at another rank"
"phylum","Mycetozoa","Fungi","not possible, the name is used in another domain or at another rank"
