"mo","fullname","rank","status","domain","family","source","prevalence"
"F_CRYPT_ACRS","Cryptococcus aceris","species","accepted","Fungi","Cryptococcaceae","GBIF",1
"F_CRYPT_FGSG","Cryptococcus fagisuga","species","accepted","Fungi","Cryptococcaceae","GBIF",1
"F_CRYPT_INTG","Cryptococcus integricornis","species","accepted","Fungi","Cryptococcaceae","GBIF",1
"F_CRYPT_NDTS","Cryptococcus nudatus","species","accepted","Fungi","Cryptococcaceae","GBIF",1
"F_CRYPT_ULMI","Cryptococcus ulmi","species","accepted","Fungi","Cryptococcaceae","GBIF",1
"F_CRYPT_WLLM","Cryptococcus williamsi","species","accepted","Fungi","Cryptococcaceae","GBIF",1
"B_MRGNL_AFRA","Morganella afra","species","accepted","Bacteria","Morganellaceae","GBIF",1
"B_MRGNL_ASTR","Morganella austromontana","species","accepted","Bacteria","Morganellaceae","GBIF",1
"B_MRGNL_JMNI","Morganella benjaminii","species","accepted","Bacteria","Morganellaceae","GBIF",1
"B_MRGNL_MXCN","Morganella mexicana","species","accepted","Bacteria","Morganellaceae","GBIF",1
"B_MRGNL_PGGR","Morganella puiggarii","species","accepted","Bacteria","Morganellaceae","GBIF",1
"B_MRGNL_RIMS","Morganella rimosa","species","accepted","Bacteria","Morganellaceae","GBIF",1
"B_MRGNL_SMNS","Morganella samoensis","species","accepted","Bacteria","Morganellaceae","GBIF",1
"B_MRGNL_STRC","Morganella stercoraria","species","accepted","Bacteria","Morganellaceae","GBIF",1
"F_CPLLR_NLTS","Capillaria annulatus","species","synonym","Fungi","Lycoperdaceae","GBIF",1.25
"F_CPLLR_ARND","Capillaria arundinis","species","accepted","Fungi","Lycoperdaceae","GBIF",1.25
"F_CPLLR_BRST","Capillaria bursata","species","accepted","Fungi","Lycoperdaceae","GBIF",1.25
"F_CPLLR_CPLL","Capillaria capillaris","species","synonym","Fungi","Lycoperdaceae","GBIF",1.25
"F_CPLLR_TRTS","Capillaria contortus","species","synonym","Fungi","Lycoperdaceae","GBIF",1.25
"F_CPLLR_FDNG","Capillaria fudingensis","species","accepted","Fungi","Lycoperdaceae","GBIF",1.25
"F_CPLLR_LEGR","Capillaria legerae","species","accepted","Fungi","Lycoperdaceae","GBIF",1.25
"F_CPLLR_LPDP","Capillaria lepidopodis","species","accepted","Fungi","Lycoperdaceae","GBIF",1.25
"F_CPLLR_PETT","Capillaria petiti","species","accepted","Fungi","Lycoperdaceae","GBIF",1.25
"F_CPLLR_SPEC","Capillaria spec","species","accepted","Fungi","Lycoperdaceae","GBIF",1.25
"F_CPLLR_WRWC","Capillaria warwickensis","species","synonym","Fungi","Lycoperdaceae","GBIF",1.25
"F_GRPHM_ABRI","Graphium abri","species","accepted","Fungi","Graphiaceae","GBIF",1.25
"F_GRPHM_ACHR","Graphium acheron","species","synonym","Fungi","Graphiaceae","GBIF",1.25
"F_GRPHM_ADMS","Graphium adamastor","species","accepted","Fungi","Graphiaceae","GBIF",1.25
"F_GRPHM_AEGS","Graphium aegisthus","species","synonym","Fungi","Graphiaceae","GBIF",1.25
"F_GRPHM_GSTS","Graphium aegistus","species","unknown","Fungi","Graphiaceae","manually added",1.25
"F_GRPHM_AGMD","Graphium agamedes","species","accepted","Fungi","Graphiaceae","GBIF",1.25
"F_GRPHM_AGMM","Graphium agamemnon","species","accepted","Fungi","Graphiaceae","GBIF",1.25
"F_GRPHM_AGTS","Graphium agetes","species","accepted","Fungi","Graphiaceae","GBIF",1.25
"F_GRPHM_ALBS","Graphium albescens","species","synonym","Fungi","Graphiaceae","GBIF",1.25
"F_GRPHM_LBON","Graphium alebion","species","accepted","Fungi","Graphiaceae","GBIF",1.25
"F_GRPHM_ALMN","Graphium almansor","species","accepted","Fungi","Graphiaceae","GBIF",1.25
"F_GRPHM_ANDR","Graphium androcles","species","accepted","Fungi","Graphiaceae","GBIF",1.25
"F_GRPHM_ANGL","Graphium angolanus","species","accepted","Fungi","Graphiaceae","GBIF",1.25
"F_GRPHM_ANTH","Graphium anthedon","species","synonym","Fungi","Graphiaceae","GBIF",1.25
"F_GRPHM_ANTHS","Graphium antheus","species","accepted","Fungi","Graphiaceae","GBIF",1.25
"F_GRPHM_ANTC","Graphium anticrates","species","synonym","Fungi","Graphiaceae","GBIF",1.25
"F_GRPHM_ANTP","Graphium antiphates","species","accepted","Fungi","Graphiaceae","GBIF",1.25
"F_GRPHM_ARCT","Graphium arctofasciatus","species","synonym","Fungi","Graphiaceae","GBIF",1.25
"F_GRPHM_ARST","Graphium aristea","species","unknown","Fungi","Graphiaceae","manually added",1.25
"F_GRPHM_STDS","Graphium aristeoides","species","synonym","Fungi","Graphiaceae","GBIF",1.25
"F_GRPHM_ARSTS","Graphium aristeus","species","accepted","Fungi","Graphiaceae","GBIF",1.25
"F_GRPHM_ARYC","Graphium arycles","species","accepted","Fungi","Graphiaceae","GBIF",1.25
"F_GRPHM_ASKR","Graphium asakurae","species","synonym","Fungi","Graphiaceae","GBIF",1.25
"F_GRPHM_ARGR","Graphium auriger","species","accepted","Fungi","Graphiaceae","GBIF",1.25
"F_GRPHM_ARVL","Graphium aurivilliusi","species","accepted","Fungi","Graphiaceae","GBIF",1.25
"F_GRPHM_AXIN","Graphium axion","species","synonym","Fungi","Graphiaceae","GBIF",1.25
"F_GRPHM_BTHY","Graphium bathycles","species","accepted","Fungi","Graphiaceae","GBIF",1.25
"F_GRPHM_BKNS","Graphium biokoensis","species","accepted","Fungi","Graphiaceae","GBIF",1.25
"F_GRPHM_BOOL","Graphium boolae","species","synonym","Fungi","Graphiaceae","GBIF",1.25
"F_GRPHM_BOYR","Graphium bouyeri","species","accepted","Fungi","Graphiaceae","GBIF",1.25
"F_GRPHM_BRSD","Graphium brasidas","species","synonym","Fungi","Graphiaceae","GBIF",1.25
"F_GRPHM_BRWN","Graphium browni","species","accepted","Fungi","Graphiaceae","GBIF",1.25
"F_GRPHM_CRCH","Graphium carchedonius","species","synonym","Fungi","Graphiaceae","GBIF",1.25
"F_GRPHM_CHRN","Graphium chiron","species","synonym","Fungi","Graphiaceae","GBIF",1.25
"F_GRPHM_RNDS","Graphium chironides","species","accepted","Fungi","Graphiaceae","GBIF",1.25
"F_GRPHM_CHRD","Graphium choredon","species","synonym","Fungi","Graphiaceae","GBIF",1.25
"F_GRPHM_CHNG","Graphium chungianus","species","synonym","Fungi","Graphiaceae","GBIF",1.25
"F_GRPHM_CLNT","Graphium cloanthus","species","accepted","Fungi","Graphiaceae","GBIF",1.25
"F_GRPHM_CDRS","Graphium codrus","species","accepted","Fungi","Graphiaceae","GBIF",1.25
"F_GRPHM_CLNN","Graphium colonna","species","accepted","Fungi","Graphiaceae","GBIF",1.25
"F_GRPHM_CNFC","Graphium confucius","species","accepted","Fungi","Graphiaceae","GBIF",1.25
"F_GRPHM_CYRN","Graphium cyrnus","species","accepted","Fungi","Graphiaceae","GBIF",1.25
"F_GRPHM_DAYN","Graphium daiyuanae","species","accepted","Fungi","Graphiaceae","GBIF",1.25
"F_GRPHM_DCLR","Graphium decolor","species","accepted","Fungi","Graphiaceae","GBIF",1.25
"F_GRPHM_DLSS","Graphium delesserti","species","accepted","Fungi","Graphiaceae","GBIF",1.25
"F_GRPHM_SRTI","Graphium delessertii","species","synonym","Fungi","Graphiaceae","GBIF",1.25
"F_GRPHM_DELI","Graphium deliae","species","accepted","Fungi","Graphiaceae","GBIF",1.25
"F_GRPHM_DSMZ","Graphium desmazieresii","species","accepted","Fungi","Graphiaceae","GBIF",1.25
"F_GRPHM_DCLN","Graphium deucalion","species","accepted","Fungi","Graphiaceae","GBIF",1.25
"F_GRPHM_DRCS","Graphium dorcus","species","accepted","Fungi","Graphiaceae","GBIF",1.25
"F_GRPHM_DOSN","Graphium doson","species","accepted","Fungi","Graphiaceae","GBIF",1.25
"F_GRPHM_EMPD","Graphium empedovana","species","accepted","Fungi","Graphiaceae","GBIF",1.25
"F_GRPHM_ENCL","Graphium encelades","species","accepted","Fungi","Graphiaceae","GBIF",1.25
"F_GRPHM_ENDC","Graphium endochus","species","accepted","Fungi","Graphiaceae","GBIF",1.25
"F_GRPHM_EPMN","Graphium epaminondas","species","accepted","Fungi","Graphiaceae","GBIF",1.25
"F_GRPHM_ESCH","Graphium escherichi","species","synonym","Fungi","Graphiaceae","GBIF",1.25
"F_GRPHM_EPHR","Graphium euphrates","species","accepted","Fungi","Graphiaceae","GBIF",1.25
"F_GRPHM_RTDS","Graphium euphratoides","species","accepted","Fungi","Graphiaceae","GBIF",1.25
"F_GRPHM_EURS","Graphium eurous","species","accepted","Fungi","Graphiaceae","GBIF",1.25
"F_GRPHM_ERYP","Graphium eurypilus","species","unknown","Fungi","Graphiaceae","manually added",1.25
"F_GRPHM_PYLS","Graphium eurypylus","species","accepted","Fungi","Graphiaceae","GBIF",1.25
"F_GRPHM_EVMN","Graphium evemon","species","accepted","Fungi","Graphiaceae","GBIF",1.25
"F_GRPHM_EVMB","Graphium evombar","species","accepted","Fungi","Graphiaceae","GBIF",1.25
"F_GRPHM_FELX","Graphium felixi","species","synonym","Fungi","Graphiaceae","GBIF",1.25
"F_GRPHM_FRST","Graphium foersterius","species","synonym","Fungi","Graphiaceae","GBIF",1.25
"F_GRPHM_FLLR","Graphium fulleri","species","accepted","Fungi","Graphiaceae","GBIF",1.25
"F_GRPHM_GRHW","Graphium garhwalica","species","accepted","Fungi","Graphiaceae","GBIF",1.25
"F_GRPHM_GELN","Graphium gelon","species","accepted","Fungi","Graphiaceae","GBIF",1.25
"F_GRPHM_GLYC","Graphium glycerion","species","unknown","Fungi","Graphiaceae","manually added",1.25
"F_GRPHM_GDNS","Graphium gudenusi","species","accepted","Fungi","Graphiaceae","GBIF",1.25
"F_GRPHM_HACH","Graphium hachei","species","accepted","Fungi","Graphiaceae","GBIF",1.25
"F_GRPHM_HCTN","Graphium hicetaon","species","accepted","Fungi","Graphiaceae","GBIF",1.25
"F_GRPHM_HNNS","Graphium hoeneanus","species","accepted","Fungi","Graphiaceae","GBIF",1.25
"F_GRPHM_IDDS","Graphium idaeoides","species","accepted","Fungi","Graphiaceae","GBIF",1.25
"F_GRPHM_ILLY","Graphium illyris","species","accepted","Fungi","Graphiaceae","GBIF",1.25
"F_GRPHM_IMPR","Graphium impar","species","unknown","Fungi","Graphiaceae","manually added",1.25
"F_GRPHM_INCR","Graphium incertus","species","accepted","Fungi","Graphiaceae","GBIF",1.25
"F_GRPHM_JASN","Graphium jason","species","unknown","Fungi","Graphiaceae","manually added",1.25
"F_GRPHM_JUND","Graphium junodi","species","accepted","Fungi","Graphiaceae","GBIF",1.25
"F_GRPHM_KIGM","Graphium kigoma","species","accepted","Fungi","Graphiaceae","GBIF",1.25
"F_GRPHM_KRBY","Graphium kirbyi","species","accepted","Fungi","Graphiaceae","GBIF",1.25
"F_GRPHM_KOSI","Graphium kosii","species","synonym","Fungi","Graphiaceae","GBIF",1.25
"F_GRPHM_LDCS","Graphium laodocus","species","unknown","Fungi","Graphiaceae","manually added",1.25
"F_GRPHM_LTRL","Graphium latreillianus","species","accepted","Fungi","Graphiaceae","GBIF",1.25
"F_GRPHM_LECH","Graphium leechi","species","accepted","Fungi","Graphiaceae","GBIF",1.25
"F_GRPHM_LNDS","Graphium leonidas","species","accepted","Fungi","Graphiaceae","GBIF",1.25
"F_GRPHM_LCDN","Graphium leucadion","species","synonym","Fungi","Graphiaceae","GBIF",1.25
"F_GRPHM_LCTH","Graphium leucothoe","species","unknown","Fungi","Graphiaceae","manually added",1.25
"F_GRPHM_LVSS","Graphium levassori","species","accepted","Fungi","Graphiaceae","GBIF",1.25
"F_GRPHM_LPNS","Graphium liponesco","species","accepted","Fungi","Graphiaceae","GBIF",1.25
"F_GRPHM_MCRS","Graphium macareus","species","accepted","Fungi","Graphiaceae","GBIF",1.25
"F_GRPHM_MCRST","Graphium macaristus","species","synonym","Fungi","Graphiaceae","GBIF",1.25
"F_GRPHM_MCCR","Graphium maccareus","species","unknown","Fungi","Graphiaceae","manually added",1.25
"F_GRPHM_MCFR","Graphium macfarlanei","species","accepted","Fungi","Graphiaceae","GBIF",1.25
"F_GRPHM_MCLY","Graphium macleayanus","species","accepted","Fungi","Graphiaceae","GBIF",1.25
"F_GRPHM_MGCS","Graphium magicus","species","synonym","Fungi","Graphiaceae","GBIF",1.25
"F_GRPHM_MNDR","Graphium mandarinus","species","accepted","Fungi","Graphiaceae","GBIF",1.25
"F_GRPHM_MARS","Graphium mariesii","species","synonym","Fungi","Graphiaceae","GBIF",1.25
"F_GRPHM_MEDN","Graphium medon","species","synonym","Fungi","Graphiaceae","GBIF",1.25
"F_GRPHM_MEEK","Graphium meeki","species","accepted","Fungi","Graphiaceae","GBIF",1.25
"F_GRPHM_MEGR","Graphium megaera","species","accepted","Fungi","Graphiaceae","GBIF",1.25
"F_GRPHM_MGRS","Graphium megarus","species","accepted","Fungi","Graphiaceae","GBIF",1.25
"F_GRPHM_MLNTH","Graphium melanthus","species","synonym","Fungi","Graphiaceae","GBIF",1.25
"F_GRPHM_MNDN","Graphium mendana","species","accepted","Fungi","Graphiaceae","GBIF",1.25
"F_GRPHM_MEYR","Graphium meyeri","species","accepted","Fungi","Graphiaceae","GBIF",1.25
"F_GRPHM_MILN","Graphium milon","species","accepted","Fungi","Graphiaceae","GBIF",1.25
"F_GRPHM_MOEB","Graphium moebii","species","synonym","Fungi","Graphiaceae","GBIF",1.25
"F_GRPHM_MNTC","Graphium monticolus","species","accepted","Fungi","Graphiaceae","GBIF",1.25
"F_GRPHM_MORN","Graphium morania","species","accepted","Fungi","Graphiaceae","GBIF",1.25
"F_GRPHM_MLLH","Graphium mullah","species","accepted","Fungi","Graphiaceae","GBIF",1.25
"F_GRPHM_NBLS","Graphium nebulosus","species","synonym","Fungi","Graphiaceae","GBIF",1.25
"F_GRPHM_NPMM","Graphium neopommerania","species","synonym","Fungi","Graphiaceae","GBIF",1.25
"F_GRPHM_NOMS","Graphium nomius","species","accepted","Fungi","Graphiaceae","GBIF",1.25
"F_GRPHM_OBLT","Graphium obliteratus","species","synonym","Fungi","Graphiaceae","GBIF",1.25
"F_GRPHM_ODIN","Graphium odin","species","synonym","Fungi","Graphiaceae","GBIF",1.25
"F_GRPHM_OLBR","Graphium olbrechtsi","species","accepted","Fungi","Graphiaceae","GBIF",1.25
"F_GRPHM_ORNT","Graphium ornatus","species","synonym","Fungi","Graphiaceae","GBIF",1.25
"F_GRPHM_PPHS","Graphium paphus","species","accepted","Fungi","Graphiaceae","GBIF",1.25
"F_GRPHM_PRMT","Graphium parmatus","species","synonym","Fungi","Graphiaceae","GBIF",1.25
"F_GRPHM_PARS","Graphium parus","species","accepted","Fungi","Graphiaceae","GBIF",1.25
"F_GRPHM_PNCLL","Graphium penicilloides","species","accepted","Fungi","Graphiaceae","GBIF",1.25
"F_GRPHM_PHDS","Graphium phidias","species","accepted","Fungi","Graphiaceae","GBIF",1.25
"F_GRPHM_PHLN","Graphium philonoe","species","accepted","Fungi","Graphiaceae","GBIF",1.25
"F_GRPHM_PGGN","Graphium poggianus","species","accepted","Fungi","Graphiaceae","GBIF",1.25
"F_GRPHM_PLCN","Graphium policenes","species","accepted","Fungi","Graphiaceae","GBIF",1.25
"F_GRPHM_CNDS","Graphium policenoides","species","accepted","Fungi","Graphiaceae","GBIF",1.25
"F_GRPHM_PLST","Graphium polistratus","species","accepted","Fungi","Graphiaceae","GBIF",1.25
"F_GRPHM_PRTH","Graphium porthaon","species","accepted","Fungi","Graphiaceae","GBIF",1.25
"F_GRPHM_PRCL","Graphium procles","species","accepted","Fungi","Graphiaceae","GBIF",1.25
"F_GRPHM_PYLD","Graphium pylades","species","unknown","Fungi","Graphiaceae","manually added",1.25
"F_GRPHM_RMCS","Graphium ramaceus","species","accepted","Fungi","Graphiaceae","GBIF",1.25
"F_GRPHM_RHSS","Graphium rhesus","species","accepted","Fungi","Graphiaceae","GBIF",1.25
"F_GRPHM_RDLY","Graphium ridleyanus","species","accepted","Fungi","Graphiaceae","GBIF",1.25
"F_GRPHM_SLLS","Graphium sallastius","species","synonym","Fungi","Graphiaceae","GBIF",1.25
"F_GRPHM_SNDW","Graphium sandawanum","species","accepted","Fungi","Graphiaceae","GBIF",1.25
"F_GRPHM_SNGN","Graphium sanganoides","species","synonym","Fungi","Graphiaceae","GBIF",1.25
"F_GRPHM_NGNS","Graphium sanganus","species","synonym","Fungi","Graphiaceae","GBIF",1.25
"F_GRPHM_SRPD","Graphium sarpedon","species","accepted","Fungi","Graphiaceae","GBIF",1.25
"F_GRPHM_SCHF","Graphium schaffgotschi","species","accepted","Fungi","Graphiaceae","GBIF",1.25
"F_GRPHM_SCHN","Graphium schoenbergianus","species","synonym","Fungi","Graphiaceae","GBIF",1.25
"F_GRPHM_SCHB","Graphium schubotzi","species","accepted","Fungi","Graphiaceae","GBIF",1.25
"F_GRPHM_SGNX","Graphium segonax","species","unknown","Fungi","Graphiaceae","manually added",1.25
"F_GRPHM_SPTN","Graphium septentrionicolus","species","accepted","Fungi","Graphiaceae","GBIF",1.25
"F_GRPHM_HNCA","Graphium sichuanica","species","accepted","Fungi","Graphiaceae","GBIF",1.25
"F_GRPHM_SMLS","Graphium similis","species","synonym","Fungi","Graphiaceae","GBIF",1.25
"F_GRPHM_SIMN","Graphium simoni","species","accepted","Fungi","Graphiaceae","GBIF",1.25
"F_GRPHM_SPEC","Graphium spec","species","accepted","Fungi","Graphiaceae","GBIF",1.25
"F_GRPHM_STRT","Graphium stratiotes","species","accepted","Fungi","Graphiaceae","GBIF",1.25
"F_GRPHM_TCLS","Graphium stratocles","species","accepted","Fungi","Graphiaceae","GBIF",1.25
"F_GRPHM_STRS","Graphium stresemanni","species","accepted","Fungi","Graphiaceae","GBIF",1.25
"F_GRPHM_TRTS","Graphium striatus","species","synonym","Fungi","Graphiaceae","GBIF",1.25
"F_GRPHM_SLNS","Graphium sulaensis","species","synonym","Fungi","Graphiaceae","GBIF",1.25
"F_GRPHM_TBRN","Graphium taboranus","species","accepted","Fungi","Graphiaceae","GBIF",1.25
"F_GRPHM_TMRL","Graphium tamerlanus","species","accepted","Fungi","Graphiaceae","GBIF",1.25
"F_GRPHM_THUL","Graphium thule","species","accepted","Fungi","Graphiaceae","GBIF",1.25
"F_GRPHM_TIMR","Graphium timur","species","accepted","Fungi","Graphiaceae","GBIF",1.25
"F_GRPHM_TRGC","Graphium tragicus","species","synonym","Fungi","Graphiaceae","GBIF",1.25
"F_GRPHM_TYND","Graphium tynderaeus","species","accepted","Fungi","Graphiaceae","GBIF",1.25
"F_GRPHM_UCLG","Graphium ucalegon","species","accepted","Fungi","Graphiaceae","GBIF",1.25
"F_GRPHM_WLLC","Graphium wallacei","species","accepted","Fungi","Graphiaceae","GBIF",1.25
"F_GRPHM_WEBR","Graphium weberi","species","synonym","Fungi","Graphiaceae","GBIF",1.25
"F_GRPHM_WESK","Graphium weiskei","species","accepted","Fungi","Graphiaceae","GBIF",1.25
"F_GRPHM_WNLN","Graphium wenlingae","species","accepted","Fungi","Graphiaceae","GBIF",1.25
"F_GRPHM_XNCL","Graphium xenocles","species","accepted","Fungi","Graphiaceae","GBIF",1.25
"A_HLCCC_FRMC","Halococcus formicarii","species","accepted","Archaea","Halococcaceae","GBIF",1.25
"F_HNDRS_CLLN","Hendersonula collina","species","accepted","Fungi","","GBIF",1.25
"F_HNDRS_PLNN","Hendersonula palnense","species","accepted","Fungi","","GBIF",1.25
"AN_HYMNL_LPTC","Hymenolepis leptocephala","species","synonym","Animalia","Hymenolepididae","GBIF",1.25
"F_NECATR_DCRT","Necator decretus","species","synonym","Fungi","Corticiaceae","MycoBank",1.25
"F_NECATR_JVNC","Necator javanicum","species","synonym","Fungi","Corticiaceae","GBIF",1.25
"F_NECATR_VNCS","Necator javanicus","species","synonym","Fungi","Corticiaceae","GBIF",1.25
"F_NECATR_SLMN","Necator salmonicolor","species","accepted","Fungi","Corticiaceae","MycoBank",1.25
"F_NECATR_ZMMR","Necator zimmermannii","species","synonym","Fungi","Corticiaceae","GBIF",1.25
"F_NECTR_HMLS","Nectria humilis","species","accepted","Fungi","Nectriaceae","GBIF",1.25
"F_NECTR_MCRB","Nectria macrobrachia","species","accepted","Fungi","Nectriaceae","GBIF",1.25
"F_NECTR_SPNA","Nectria multispina","species","accepted","Fungi","Nectriaceae","GBIF",1.25
"F_NECTR_OCLL","Nectria ocellata","species","accepted","Fungi","Nectriaceae","GBIF",1.25
"F_NECTR_LFRA","Nectria ocellifera","species","accepted","Fungi","Nectriaceae","GBIF",1.25
"F_NECTR_OCLF","Nectria oculifera","species","synonym","Fungi","Nectriaceae","GBIF",1.25
"F_NECTR_PDCLL","Nectria pedicelligera","species","accepted","Fungi","Nectriaceae","GBIF",1.25
"F_NECTR_SAOR","Nectria saoria","species","accepted","Fungi","Nectriaceae","GBIF",1.25
"F_NECTR_WLSN","Nectria wilsoni","species","accepted","Fungi","Nectriaceae","GBIF",1.25
