"fullname","target","source"
"Abiotrophia defectivus","Abiotrophia defectiva","GBIF"
"Acidiphilium acidophilus","Acidiphilium acidophilum","GBIF"
"Acidocella facile","Acidocella facilis","GBIF"
"Acidomonas methanolicus","Acidomonas methanolica","GBIF"
"Acremonium egyptiaca","Acremonium egyptiacum","GBIF"
"Acremonium longispora","Acremonium longisporum","GBIF"
"Acremonium minutissima","Acremonium minutissimum","GBIF"
"Acremonium polychroma","Acremonium polychromum","GBIF"
"Acremonium sordidula","Acremonium sordidulum","GBIF"
"Acrocarpospora corrugatum","Acrocarpospora corrugata","GBIF"
"Actinoplanes campanulata","Actinoplanes campanulatus","GBIF"
"Actinoplanes digitata","Actinoplanes digitatus","GBIF"
"Actinoplanes lobata","Actinoplanes lobatus","GBIF"
"Aeromicrobium fastidiosa","Aeromicrobium fastidiosum","GBIF"
"Aeromicrobium fastidiosus","Aeromicrobium fastidiosum","GBIF"
"Affixifilum granulosa","Affixifilum granulosum","GBIF"
"Afifella marinum","Afifella marina","GBIF"
"Agathobacter rectale","Agathobacter rectalis","GBIF"
"Albibacter helvetica","Albibacter helveticus","GBIF"
"Algoriphagus alkaliphila","Algoriphagus alkaliphilus","GBIF"
"Algoriphagus halophila","Algoriphagus halophilus","GBIF"
"Allokutzneria albatum","Allokutzneria albata","GBIF"
"Alternaria asclepiadeum","Alternaria asclepiadea","GBIF"
"Alternaria atrum","Alternaria atra","GBIF"
"Alternaria caespitosus","Alternaria caespitosa","GBIF"
"Alternaria chlamydosporum","Alternaria chlamydospora","GBIF"
"Alternaria cinereum","Alternaria cinerea","GBIF"
"Alternaria consortiale","Alternaria consortialis","GBIF"
"Alternaria cucumerinum","Alternaria cucumerina","GBIF"
"Alternaria diversisporum","Alternaria diversispora","GBIF"
"Alternaria floridanum","Alternaria floridana","GBIF"
"Alternaria fulvum","Alternaria fulva","GBIF"
"Alternaria gossypinum","Alternaria gossypina","GBIF"
"Alternaria guaraniticum","Alternaria guaranitica","GBIF"
"Alternaria hibiscinum","Alternaria hibiscina","GBIF"
"Alternaria ignobile","Alternaria ignobilis","GBIF"
"Alternaria instipitatum","Alternaria instipitata","GBIF"
"Alternaria internum","Alternaria interna","GBIF"
"Alternaria lanuginosum","Alternaria lanuginosa","GBIF"
"Alternaria leve","Alternaria levis","GBIF"
"Alternaria litoreum","Alternaria litorea","GBIF"
"Alternaria macrosporum","Alternaria macrospora","GBIF"
"Alternaria microsporum","Alternaria microspora","GBIF"
"Alternaria multiforme","Alternaria multiformis","GBIF"
"Alternaria mycophilum","Alternaria mycophila","GBIF"
"Alternaria nobile","Alternaria nobilis","GBIF"
"Alternaria oblongo-obovoideum","Alternaria oblongo-obovoidea","GBIF"
"Alternaria obovoideum","Alternaria obovoidea","GBIF"
"Alternaria ornatissimum","Alternaria ornatissima","GBIF"
"Alternaria penicillatum","Alternaria penicillata","GBIF"
"Alternaria polytrichum","Alternaria polytricha","GBIF"
"Alternaria radicinum","Alternaria radicina","GBIF"
"Alternaria ramulosum","Alternaria ramulosa","GBIF"
"Alternaria septosporum","Alternaria septospora","GBIF"
"Alternaria spadiceum","Alternaria spadicea","GBIF"
"Alternaria tuberculatum","Alternaria tuberculata","GBIF"
"Amedibacillus dolichum","Amedibacillus dolichus","GBIF"
"Anaerocolumna aminovalericum","Anaerocolumna aminovalerica","GBIF"
"Anaerocolumna jejuense","Anaerocolumna jejuensis","GBIF"
"Anagnostidinema acutissima","Anagnostidinema acutissimum","GBIF"
"Anagnostidinema amphibia","Anagnostidinema amphibium","GBIF"
"Anagnostidinema exilis","Anagnostidinema exile","GBIF"
"Andreesenia angustum","Andreesenia angusta","GBIF"
"Anisakis typicus","Anisakis typica","GBIF"
"Aquamicrobium lusatiensis","Aquamicrobium lusatiense","GBIF"
"Archangium disciformis","Archangium disciforme","GBIF"
"Archangium violaceus","Archangium violaceum","GBIF"
"Asaccharospora irregulare","Asaccharospora irregularis","GBIF"
"Aspergillus alliaceum","Aspergillus alliaceus","GBIF"
"Aspergillus amazonense","Aspergillus amazonensis","GBIF"
"Aspergillus appendiculata","Aspergillus appendiculatus","GBIF"
"Aspergillus appendiculatum","Aspergillus appendiculatus","GBIF"
"Aspergillus assulata","Aspergillus assulatus","GBIF"
"Aspergillus astellata","Aspergillus astellatus","GBIF"
"Aspergillus aurantiobrunnea","Aspergillus aurantiobrunneus","GBIF"
"Aspergillus aurata","Aspergillus auratus","GBIF"
"Aspergillus aureola","Aspergillus aureolus","GBIF"
"Aspergillus auricoma","Aspergillus auricomus","GBIF"
"Aspergillus carbonaria","Aspergillus carbonarius","GBIF"
"Aspergillus chrysella","Aspergillus chrysellus","GBIF"
"Aspergillus cleistominuta","Aspergillus cleistominutus","GBIF"
"Aspergillus coreana","Aspergillus coreanus","GBIF"
"Aspergillus corrugata","Aspergillus corrugatus","GBIF"
"Aspergillus costiforme","Aspergillus costiformis","GBIF"
"Aspergillus cremea","Aspergillus cremeus","GBIF"
"Aspergillus cristatum","Aspergillus cristatus","GBIF"
"Aspergillus delicata","Aspergillus delicatus","GBIF"
"Aspergillus denticulata","Aspergillus denticulatus","GBIF"
"Aspergillus dubia","Aspergillus dubius","GBIF"
"Aspergillus flava","Aspergillus flavus","GBIF"
"Aspergillus flavofurcatis","Aspergillus flavofurcatus","GBIF"
"Aspergillus foveolata","Aspergillus foveolatus","GBIF"
"Aspergillus fruticulosa","Aspergillus fruticulosus","GBIF"
"Aspergillus fumigata","Aspergillus fumigatus","GBIF"
"Aspergillus gigantea","Aspergillus giganteus","GBIF"
"Aspergillus glabra","Aspergillus glaber","GBIF"
"Aspergillus glabrum","Aspergillus glaber","GBIF"
"Aspergillus glauca","Aspergillus glaucus","GBIF"
"Aspergillus halophila","Aspergillus halophilus","GBIF"
"Aspergillus halophilicum","Aspergillus halophilicus","GBIF"
"Aspergillus heterocaryoticum","Aspergillus heterocaryoticus","GBIF"
"Aspergillus heterothallica","Aspergillus heterothallicus","GBIF"
"Aspergillus indica","Aspergillus indicus","GBIF"
"Aspergillus inflatum","Aspergillus inflatus","GBIF"
"Aspergillus insolitum","Aspergillus insolitus","GBIF"
"Aspergillus insueta","Aspergillus insuetus","GBIF"
"Aspergillus intermedia","Aspergillus intermedius","GBIF"
"Aspergillus intermedium","Aspergillus intermedius","GBIF"
"Aspergillus japonica","Aspergillus japonicus","GBIF"
"Aspergillus laciniosa","Aspergillus laciniosus","GBIF"
"Aspergillus leucocarpum","Aspergillus leucocarpus","GBIF"
"Aspergillus medium","Aspergillus medius","GBIF"
"Aspergillus montevidense","Aspergillus montevidensis","GBIF"
"Aspergillus multiplicata","Aspergillus multiplicatus","GBIF"
"Aspergillus nigra","Aspergillus niger","GBIF"
"Aspergillus nivea","Aspergillus niveus","GBIF"
"Aspergillus ochracea","Aspergillus ochraceus","GBIF"
"Aspergillus parviverruculosum","Aspergillus parviverruculosus","GBIF"
"Aspergillus pluriseminata","Aspergillus pluriseminatus","GBIF"
"Aspergillus primulina","Aspergillus primulinus","GBIF"
"Aspergillus pseudoflava","Aspergillus pseudoflavus","GBIF"
"Aspergillus pseudoglaucum","Aspergillus pseudoglaucus","GBIF"
"Aspergillus purpurea","Aspergillus purpureus","GBIF"
"Aspergillus quadrilineata","Aspergillus quadrilineatus","GBIF"
"Aspergillus rugulosa","Aspergillus rugulosus","GBIF"
"Aspergillus spathulata","Aspergillus spathulatus","GBIF"
"Aspergillus spiculosum","Aspergillus spiculosus","GBIF"
"Aspergillus spinosa","Aspergillus spinosus","GBIF"
"Aspergillus striata","Aspergillus striatus","GBIF"
"Aspergillus sulphurea","Aspergillus sulphureus","GBIF"
"Aspergillus taklimakanense","Aspergillus taklimakanensis","GBIF"
"Aspergillus togoense","Aspergillus togoensis","GBIF"
"Aspergillus tonophilum","Aspergillus tonophilus","GBIF"
"Aspergillus tuberculatum","Aspergillus tuberculatus","GBIF"
"Aspergillus undulata","Aspergillus undulatus","GBIF"
"Aspergillus violacea","Aspergillus violaceus","GBIF"
"Aspergillus violaceofusca","Aspergillus violaceofuscus","GBIF"
"Aspergillus vitellina","Aspergillus vitellinus","GBIF"
"Aspergillus xerophilum","Aspergillus xerophilus","GBIF"
"Atopobium minutus","Atopobium minutum","GBIF"
"Aureobasidium apocrypta","Aureobasidium apocryptum","GBIF"
"Aureobasidium harpospora","Aureobasidium harposporum","GBIF"
"Azohydromonas latus","Azohydromonas lata","GBIF"
"Bacillus licheniforme","Bacillus licheniformis","GBIF"
"Barrientosiimonas marinus","Barrientosiimonas marina","GBIF"
"Bauldia consociatum","Bauldia consociata","GBIF"
"Bauldia litoralum","Bauldia litoralis","GBIF"
"Beauveria bassianum","Beauveria bassiana","GBIF"
"Beauveria epigaeum","Beauveria epigaea","GBIF"
"Beauveria spicatum","Beauveria spicata","GBIF"
"Bipolaris giganteum","Bipolaris gigantea","GBIF"
"Bipolaris incurvatum","Bipolaris incurvata","GBIF"
"Bipolaris sorokinianum","Bipolaris sorokiniana","GBIF"
"Bipolaris stenospilum","Bipolaris stenospila","GBIF"
"Blastomonas natatorius","Blastomonas natatoria","GBIF"
"Blastomyces helica","Blastomyces helicus","GBIF"
"Blastomyces parva","Blastomyces parvus","GBIF"
"Blastomyces parvum","Blastomyces parvus","GBIF"
"Blautia hydrogenotrophicus","Blautia hydrogenotrophica","GBIF"
"Blautia productus","Blautia producta","GBIF"
"Blennothrix cantharidosmum","Blennothrix cantharidosma","GBIF"
"Blennothrix glutinosum","Blennothrix glutinosa","GBIF"
"Blennothrix lyngbyaceum","Blennothrix lyngbyacea","GBIF"
"Botryochytrium radiata","Botryochytrium radiatum","GBIF"
"Bradyrhizobium oligotrophica","Bradyrhizobium oligotrophicum","GBIF"
"Brevundimonas intermedius","Brevundimonas intermedia","GBIF"
"Brochothrix thermosphactum","Brochothrix thermosphacta","GBIF"
"Butyrivibrio proteoclasticum","Butyrivibrio proteoclasticus","GBIF"
"Caldanaerobius polysaccharolyticum","Caldanaerobius polysaccharolyticus","GBIF"
"Caldicellulosiruptor acetigenum","Caldicellulosiruptor acetigenus","GBIF"
"Caldicoprobacter faecale","Caldicoprobacter faecalis","GBIF"
"Caloramator fervidum","Caloramator fervidus","GBIF"
"Calothrix parietinus","Calothrix parietina","GBIF"
"Calothrix pulvinatum","Calothrix pulvinata","GBIF"
"Campylobacter curva","Campylobacter curvus","GBIF"
"Campylobacter recta","Campylobacter rectus","GBIF"
"Candida conglobatus","Candida conglobata","GBIF"
"Candida globosum","Candida globosa","GBIF"
"Candida mycodermus","Candida mycoderma","GBIF"
"Candida tropicale","Candida tropicalis","GBIF"
"Capnocytophaga ochraceus","Capnocytophaga ochracea","GBIF"
"Catenuloplanes crispa","Catenuloplanes crispus","GBIF"
"Celeribacter halophila","Celeribacter halophilus","GBIF"
"Cellulomonas gelidus","Cellulomonas gelida","GBIF"
"Chaetomium comata","Chaetomium comatum","GBIF"
"Chaetomium grisea","Chaetomium griseum","GBIF"
"Chaetomium pilosa","Chaetomium pilosum","GBIF"
"Chaetomium prasina","Chaetomium prasinum","GBIF"
"Chamaesiphon amethystinum","Chamaesiphon amethystinus","GBIF"
"Chamaesiphon britannica","Chamaesiphon britannicus","GBIF"
"Chamaesiphon fuscum","Chamaesiphon fuscus","GBIF"
"Chamaesiphon minutum","Chamaesiphon minutus","GBIF"
"Chamaesiphon polonicum","Chamaesiphon polonicus","GBIF"
"Chamaesiphon subglobosum","Chamaesiphon subglobosus","GBIF"
"Chroococcus dimidiata","Chroococcus dimidiatus","GBIF"
"Chroococcus gigantea","Chroococcus giganteus","GBIF"
"Chroococcus helvetica","Chroococcus helveticus","GBIF"
"Chroococcus lithophila","Chroococcus lithophilus","GBIF"
"Chroococcus minima","Chroococcus minimus","GBIF"
"Chroococcus minuta","Chroococcus minutus","GBIF"
"Chroococcus turgida","Chroococcus turgidus","GBIF"
"Chryseobacterium antarctica","Chryseobacterium antarcticum","GBIF"
"Chryseobacterium marina","Chryseobacterium marinum","GBIF"
"Citrobacter amalonatica","Citrobacter amalonaticus","GBIF"
"Cladophialophora bantianum","Cladophialophora bantiana","GBIF"
"Cladosporium allicina","Cladosporium allicinum","GBIF"
"Cladosporium gracilis","Cladosporium gracile","GBIF"
"Cladosporium inopina","Cladosporium inopinum","GBIF"
"Cladosporium macrocarpa","Cladosporium macrocarpum","GBIF"
"Cladosporium pallida","Cladosporium pallidum","GBIF"
"Cladosporium variabilis","Cladosporium variabile","GBIF"
"Clavibacter insidiosum","Clavibacter insidiosus","GBIF"
"Coelomoron pusilla","Coelomoron pusillum","GBIF"
"Comamonas aquaticum","Comamonas aquatica","GBIF"
"Conidiobolus coronata","Conidiobolus coronatus","GBIF"
"Coniochaeta fasciculatus","Coniochaeta fasciculata","GBIF"
"Coniochaeta ostreum","Coniochaeta ostrea","GBIF"
"Coniochaeta taeniosporum","Coniochaeta taeniospora","GBIF"
"Coniochaeta verticillatus","Coniochaeta verticillata","GBIF"
"Contracaecum microcephala","Contracaecum microcephalum","GBIF"
"Contracaecum micropapillata","Contracaecum micropapillatum","GBIF"
"Contracaecum multipapillata","Contracaecum multipapillatum","GBIF"
"Contracaecum osculata","Contracaecum osculatum","GBIF"
"Contracaecum ovalis","Contracaecum ovale","GBIF"
"Contracaecum radiata","Contracaecum radiatum","GBIF"
"Cosmosporella cavispermum","Cosmosporella cavisperma","GBIF"
"Crossiella cryophilis","Crossiella cryophila","GBIF"
"Cryptococcus amylolenta","Cryptococcus amylolentus","GBIF"
"Cryptococcus depauperata","Cryptococcus depauperatus","GBIF"
"Cryptococcus lutea","Cryptococcus luteus","GBIF"
"Cryptococcus uniguttulata","Cryptococcus uniguttulatus","GBIF"
"Cryptococcus uniguttulatum","Cryptococcus uniguttulatus","GBIF"
"Cunninghamella echinulatum","Cunninghamella echinulata","GBIF"
"Cupriavidus oxalatica","Cupriavidus oxalaticus","GBIF"
"Cupriavidus paucula","Cupriavidus pauculus","GBIF"
"Curvibacter delicatum","Curvibacter delicatus","GBIF"
"Curvibacter lanceolata","Curvibacter lanceolatus","GBIF"
"Curvularia australiense","Curvularia australiensis","GBIF"
"Curvularia cactivorum","Curvularia cactivora","GBIF"
"Curvularia crustaceum","Curvularia crustacea","GBIF"
"Curvularia falcatum","Curvularia falcata","GBIF"
"Curvularia hawaiiense","Curvularia hawaiiensis","GBIF"
"Curvularia homomorphum","Curvularia homomorpha","GBIF"
"Curvularia inaequale","Curvularia inaequalis","GBIF"
"Curvularia lunatum","Curvularia lunata","GBIF"
"Curvularia lunatus","Curvularia lunata","GBIF"
"Curvularia nodosum","Curvularia nodosa","GBIF"
"Curvularia ovoideum","Curvularia ovoidea","GBIF"
"Curvularia ramosum","Curvularia ramosa","GBIF"
"Curvularia senegalense","Curvularia senegalensis","GBIF"
"Curvularia spicatum","Curvularia spicata","GBIF"
"Curvularia spiciferum","Curvularia spicifera","GBIF"
"Curvularia tuberculatus","Curvularia tuberculata","GBIF"
"Curvularia verruculosus","Curvularia verruculosa","GBIF"
"Cyanodermatium fluminensis","Cyanodermatium fluminense","GBIF"
"Cyanodictyon reticulata","Cyanodictyon reticulatum","GBIF"
"Cyanothece aeruginosus","Cyanothece aeruginosa","GBIF"
"Cyberlindnera maritimum","Cyberlindnera maritima","GBIF"
"Cylindrospermum licheniformis","Cylindrospermum licheniforme","GBIF"
"Cylindrospermum stagnalis","Cylindrospermum stagnale","GBIF"
"Dendrosporobacter quercicolum","Dendrosporobacter quercicolus","GBIF"
"Dermocarpella prasinus","Dermocarpella prasina","GBIF"
"Desemzia incertum","Desemzia incerta","GBIF"
"Desulfobacula phenolicum","Desulfobacula phenolica","GBIF"
"Desulfovibrio pigra","Desulfovibrio piger","GBIF"
"Devosia enhydrum","Devosia enhydra","GBIF"
"Dichothrix bauerianus","Dichothrix baueriana","GBIF"
"Dichothrix compactum","Dichothrix compacta","GBIF"
"Diphyllobothrium cordatus","Diphyllobothrium cordatum","GBIF"
"Diphyllobothrium lanceolatus","Diphyllobothrium lanceolatum","GBIF"
"Diphyllobothrium mobilis","Diphyllobothrium mobile","GBIF"
"Diphyllobothrium quadratus","Diphyllobothrium quadratum","GBIF"
"Diphyllobothrium scoticus","Diphyllobothrium scoticum","GBIF"
"Dokdonia eikastus","Dokdonia eikasta","GBIF"
"Dokdonia genikus","Dokdonia genika","GBIF"
"Dolichospermum affinis","Dolichospermum affine","GBIF"
"Dolichospermum circinalis","Dolichospermum circinale","GBIF"
"Dolichospermum compacta","Dolichospermum compactum","GBIF"
"Dolichospermum crassa","Dolichospermum crassum","GBIF"
"Dolichospermum curva","Dolichospermum curvum","GBIF"
"Dolichospermum danica","Dolichospermum danicum","GBIF"
"Dolichospermum delicatula","Dolichospermum delicatulum","GBIF"
"Dolichospermum farciminiformis","Dolichospermum farciminiforme","GBIF"
"Dolichospermum fusca","Dolichospermum fuscum","GBIF"
"Dolichospermum heterospora","Dolichospermum heterosporum","GBIF"
"Dolichospermum longicellularis","Dolichospermum longicellulare","GBIF"
"Dolichospermum macrospora","Dolichospermum macrosporum","GBIF"
"Dolichospermum perturbata","Dolichospermum perturbatum","GBIF"
"Dolichospermum planctonica","Dolichospermum planctonicum","GBIF"
"Dolichospermum sigmoidea","Dolichospermum sigmoideum","GBIF"
"Dolichospermum solitaria","Dolichospermum solitarium","GBIF"
"Echinostoma baiyangdienensis","Echinostoma baiyangdienense","GBIF"
"Echinostoma bolschewensis","Echinostoma bolschewense","GBIF"
"Echinostoma echinifera","Echinostoma echiniferum","GBIF"
"Echinostoma ilocana","Echinostoma ilocanum","GBIF"
"Echinostoma revoluta","Echinostoma revolutum","GBIF"
"Elizabethkingia meningosepticum","Elizabethkingia meningoseptica","GBIF"
"Emericella ustus","Emericella usta","GBIF"
"Empedobacter breve","Empedobacter brevis","GBIF"
"Ensifer kostiense","Ensifer kostiensis","GBIF"
"Enterobacter cancerogena","Enterobacter cancerogenus","GBIF"
"Epidermophyton inguinalis","Epidermophyton inguinale","GBIF"
"Erwinia amylovorum","Erwinia amylovora","GBIF"
"Eucapsis microscopicus","Eucapsis microscopica","GBIF"
"Exidia saccharinus","Exidia saccharina","GBIF"
"Exophiala heteromorphum","Exophiala heteromorpha","GBIF"
"Exophiala heteromorphus","Exophiala heteromorpha","GBIF"
"Exserohilum khartoumensis","Exserohilum khartoumense","GBIF"
"Exserohilum pedicellata","Exserohilum pedicellatum","GBIF"
"Exserohilum rostrata","Exserohilum rostratum","GBIF"
"Exserohilum turcica","Exserohilum turcicum","GBIF"
"Faecalicatena contortum","Faecalicatena contorta","GBIF"
"Faecalicatena oroticum","Faecalicatena orotica","GBIF"
"Filifactor villosum","Filifactor villosus","GBIF"
"Finegoldia magnus","Finegoldia magna","GBIF"
"Fischerella ambiguum","Fischerella ambigua","GBIF"
"Fischerella thermale","Fischerella thermalis","GBIF"
"Flavobacterium columnaris","Flavobacterium columnare","GBIF"
"Flavobacterium flevensis","Flavobacterium flevense","GBIF"
"Flavobacterium pectinovora","Flavobacterium pectinovorum","GBIF"
"Flavobacterium psychrophila","Flavobacterium psychrophilum","GBIF"
"Flavobacterium psychrophilus","Flavobacterium psychrophilum","GBIF"
"Flavobacterium saccharophila","Flavobacterium saccharophilum","GBIF"
"Fructobacillus ficulneum","Fructobacillus ficulneus","GBIF"
"Fructobacillus fructosum","Fructobacillus fructosus","GBIF"
"Fructobacillus pseudoficulneum","Fructobacillus pseudoficulneus","GBIF"
"Fusarium acuminata","Fusarium acuminatum","GBIF"
"Fusarium avenacea","Fusarium avenaceum","GBIF"
"Fusarium cereale","Fusarium cerealis","GBIF"
"Fusarium circinata","Fusarium circinatum","GBIF"
"Fusarium indica","Fusarium indicum","GBIF"
"Fusarium konza","Fusarium konzum","GBIF"
"Fusarium thapsina","Fusarium thapsinum","GBIF"
"Fusarium tricincta","Fusarium tricinctum","GBIF"
"Fusarium tumida","Fusarium tumidum","GBIF"
"Fusarium uda","Fusarium udum","GBIF"
"Garritya polymorphus","Garritya polymorpha","GBIF"
"Geitleribactron subaequalis","Geitleribactron subaequale","GBIF"
"Geitlerinema acuiformis","Geitlerinema acuiforme","GBIF"
"Geitlerinema splendida","Geitlerinema splendidum","GBIF"
"Geitlerinema splendida truncata","Geitlerinema splendidum truncatum","GBIF"
"Gemmobacter aquatile","Gemmobacter aquatilis","GBIF"
"Gemmobacter nanjingense","Gemmobacter nanjingensis","GBIF"
"Gemmobacter nectariphilum","Gemmobacter nectariphilus","GBIF"
"Geotrichum candidus","Geotrichum candidum","GBIF"
"Geotrichum pseudocandidus","Geotrichum pseudocandidum","GBIF"
"Giesbergeria sinuosum","Giesbergeria sinuosa","GBIF"
"Gloeocapsa violaceus","Gloeocapsa violacea","GBIF"
"Gottschalkia purinilyticum","Gottschalkia purinilytica","GBIF"
"Halanaerobium saccharolytica","Halanaerobium saccharolyticum","GBIF"
"Halanaerobium saccharolytica saccharolytica","Halanaerobium saccharolyticum saccharolyticum","GBIF"
"Halanaerobium saccharolytica senegalensis","Halanaerobium saccharolyticum senegalense","GBIF"
"Halanaerobium saccharolyticus","Halanaerobium saccharolyticum","GBIF"
"Halanaerobium saccharolyticus saccharolyticus","Halanaerobium saccharolyticum saccharolyticum","GBIF"
"Halanaerobium saccharolyticus senegalensis","Halanaerobium saccharolyticum senegalense","GBIF"
"Halobacillus halophila","Halobacillus halophilus","GBIF"
"Halogeometricum pallida","Halogeometricum pallidum","GBIF"
"Halomonas aquamarinus","Halomonas aquamarina","GBIF"
"Halomonas cupidus","Halomonas cupida","GBIF"
"Halomonas halmophilum","Halomonas halmophila","GBIF"
"Halomonas pacificus","Halomonas pacifica","GBIF"
"Halomonas venustus","Halomonas venusta","GBIF"
"Halorubrum coriensis","Halorubrum coriense","GBIF"
"Haloterrigena turkmenicus","Haloterrigena turkmenica","GBIF"
"Hamadaea tsunoense","Hamadaea tsunoensis","GBIF"
"Hapalosiphon pumila","Hapalosiphon pumilus","GBIF"
"Hassallia byssoideum","Hassallia byssoidea","GBIF"
"Hassallia byssoideus","Hassallia byssoidea","GBIF"
"Hathewaya histolyticum","Hathewaya histolytica","GBIF"
"Hathewaya limosum","Hathewaya limosa","GBIF"
"Hathewaya proteolyticum","Hathewaya proteolytica","GBIF"
"Henriciella marinum","Henriciella marina","GBIF"
"Herbaspirillum huttiensis","Herbaspirillum huttiense","GBIF"
"Heterophyes fraternum","Heterophyes fraterna","GBIF"
"Heterophyes fraternus","Heterophyes fraterna","GBIF"
"Histoplasma capsulata","Histoplasma capsulatum","GBIF"
"Histoplasma capsulatus","Histoplasma capsulatum","GBIF"
"Hoyosella subflavus","Hoyosella subflava","GBIF"
"Hydrocoleum heterotricha","Hydrocoleum heterotrichum","GBIF"
"Hydrogenobacter hydrogenophilum","Hydrogenobacter hydrogenophilus","GBIF"
"Hydrogenobaculum acidophilus","Hydrogenobaculum acidophilum","GBIF"
"Hydrogenovibrio crunogena","Hydrogenovibrio crunogenus","GBIF"
"Hydrogenovibrio halophila","Hydrogenovibrio halophilus","GBIF"
"Hydrogenovibrio thermophila","Hydrogenovibrio thermophilus","GBIF"
"Hylemonella gracile","Hylemonella gracilis","GBIF"
"Hypomyces aurantia","Hypomyces aurantius","GBIF"
"Hypomyces boletina","Hypomyces boletinus","GBIF"
"Hypomyces bresadolana","Hypomyces bresadolanus","GBIF"
"Hypomyces cervina","Hypomyces cervinus","GBIF"
"Hypomyces cervinum","Hypomyces cervinus","GBIF"
"Hypomyces chlorinum","Hypomyces chlorinus","GBIF"
"Hypomyces chrysosperma","Hypomyces chrysospermus","GBIF"
"Hypomyces chrysospermum","Hypomyces chrysospermus","GBIF"
"Hypomyces completa","Hypomyces completus","GBIF"
"Hypomyces hyalina","Hypomyces hyalinus","GBIF"
"Hypomyces lateritia","Hypomyces lateritius","GBIF"
"Hypomyces leotiae","Hypomyces leotiarum","GBIF"
"Hypomyces mycophila","Hypomyces mycophilus","GBIF"
"Hypomyces mycophilum","Hypomyces mycophilus","GBIF"
"Hypomyces ochracea","Hypomyces ochraceus","GBIF"
"Hypomyces perniciosa","Hypomyces perniciosus","GBIF"
"Hypomyces polyporina","Hypomyces polyporinus","GBIF"
"Hypomyces rosella","Hypomyces rosellus","GBIF"
"Hypomyces semicirculare","Hypomyces semicircularis","GBIF"
"Hypomyces subiculosa","Hypomyces subiculosus","GBIF"
"Hypomyces thiryana","Hypomyces thiryanus","GBIF"
"Hypomyces torminosa","Hypomyces torminosus","GBIF"
"Hypomyces vuilleminiana","Hypomyces vuilleminianus","GBIF"
"Hysterothylacium adunca","Hysterothylacium aduncum","GBIF"
"Hysterothylacium cenatica","Hysterothylacium cenaticum","GBIF"
"Hysterothylacium incurva","Hysterothylacium incurvum","GBIF"
"Imhoffiella bheemlicus","Imhoffiella bheemlica","GBIF"
"Isoptericola variabile","Isoptericola variabilis","GBIF"
"Jaaginema angustissima","Jaaginema angustissimum","GBIF"
"Jaaginema geminata","Jaaginema geminatum","GBIF"
"Jaaginema minima","Jaaginema minimum","GBIF"
"Jaaginema neglecta","Jaaginema neglectum","GBIF"
"Jaaginema pseudogeminata","Jaaginema pseudogeminatum","GBIF"
"Jaaginema quadripunctulata","Jaaginema quadripunctulatum","GBIF"
"Jaaginema subtilissima","Jaaginema subtilissimum","GBIF"
"Johanseninema constricta","Johanseninema constrictum","GBIF"
"Kamptonema animalis","Kamptonema animale","GBIF"
"Kamptonema chlorina","Kamptonema chlorinum","GBIF"
"Kamptonema formosa","Kamptonema formosum","GBIF"
"Kandleria vitulinus","Kandleria vitulina","GBIF"
"Kitasatospora atroaurantiacus","Kitasatospora atroaurantiaca","GBIF"
"Kitasatospora azaticus","Kitasatospora azatica","GBIF"
"Kitasatospora cinereorectus","Kitasatospora cinereorecta","GBIF"
"Kitasatospora cystargineus","Kitasatospora cystarginea","GBIF"
"Kitasatospora mediocidicus","Kitasatospora mediocidica","GBIF"
"Kitasatospora paracochleatus","Kitasatospora paracochleata","GBIF"
"Kitasatospora purpeofuscus","Kitasatospora purpeofusca","GBIF"
"Kluyvera intermedius","Kluyvera intermedia","GBIF"
"Kluyveromyces marxiana","Kluyveromyces marxianus","GBIF"
"Kocuria roseus","Kocuria rosea","GBIF"
"Komvophoron pallida","Komvophoron pallidum","GBIF"
"Komvophoron siderophila","Komvophoron siderophilum","GBIF"
"Kosakonia oryzendophyticus","Kosakonia oryzendophytica","GBIF"
"Kosakonia oryziphilus","Kosakonia oryziphila","GBIF"
"Kutzneria viridogriseum","Kutzneria viridogrisea","GBIF"
"Laceyella putidus","Laceyella putida","GBIF"
"Lamprocystis purpureus","Lamprocystis purpurea","GBIF"
"Legionella lyticum","Legionella lytica","GBIF"
"Leisingera caeruleus","Leisingera caerulea","GBIF"
"Lelliottia amnigenus","Lelliottia amnigena","GBIF"
"Lemmermanniella pallidum","Lemmermanniella pallida","GBIF"
"Leptolyngbya angustissimum","Leptolyngbya angustissima","GBIF"
"Leptolyngbya carneum","Leptolyngbya carnea","GBIF"
"Leptolyngbya crosbyanum","Leptolyngbya crosbyana","GBIF"
"Leptolyngbya crosbyanus","Leptolyngbya crosbyana","GBIF"
"Leptolyngbya fragile","Leptolyngbya fragilis","GBIF"
"Leptolyngbya gracile","Leptolyngbya gracilis","GBIF"
"Leptolyngbya laminosum","Leptolyngbya laminosa","GBIF"
"Leptolyngbya norvegicum","Leptolyngbya norvegica","GBIF"
"Leptolyngbya notatum","Leptolyngbya notata","GBIF"
"Leptolyngbya subuliforme","Leptolyngbya subuliformis","GBIF"
"Leptolyngbya tenue","Leptolyngbya tenuis","GBIF"
"Leptolyngbya valderianum","Leptolyngbya valderiana","GBIF"
"Lewinella persicus","Lewinella persica","GBIF"
"Lichtheimia ramosus","Lichtheimia ramosa","GBIF"
"Limnococcus limnetica","Limnococcus limneticus","GBIF"
"Lyngbya luteus","Lyngbya lutea","GBIF"
"Lyngbya majusculum","Lyngbya majuscula","GBIF"
"Lyngbya martensianus","Lyngbya martensiana","GBIF"
"Malbranchea californiense","Malbranchea californiensis","GBIF"
"Malbranchea chlamydosporum","Malbranchea chlamydospora","GBIF"
"Malbranchea cinnamomeum","Malbranchea cinnamomea","GBIF"
"Malbranchea compactum","Malbranchea compacta","GBIF"
"Malbranchea concentricum","Malbranchea concentrica","GBIF"
"Malbranchea conjugatum","Malbranchea conjugata","GBIF"
"Malbranchea longisporum","Malbranchea longispora","GBIF"
"Malbranchea ostraviense","Malbranchea ostraviensis","GBIF"
"Malbranchea pseudoreticulatum","Malbranchea pseudoreticulata","GBIF"
"Malbranchea pseudoreticulatus","Malbranchea pseudoreticulata","GBIF"
"Malbranchea reticulatum","Malbranchea reticulata","GBIF"
"Malbranchea reticulatus","Malbranchea reticulata","GBIF"
"Malbranchea umbrinum","Malbranchea umbrina","GBIF"
"Malbranchea umbrinus","Malbranchea umbrina","GBIF"
"Malbranchea zuffianum","Malbranchea zuffiana","GBIF"
"Malbranchea zuffianus","Malbranchea zuffiana","GBIF"
"Maledivibacter halophilum","Maledivibacter halophilus","GBIF"
"Marinobacter nautica","Marinobacter nauticus","GBIF"
"Marinomonas commune","Marinomonas communis","GBIF"
"Marivirga tractuosus","Marivirga tractuosa","GBIF"
"Massilia haematophilus","Massilia haematophila","GBIF"
"Merismopedia glaucum","Merismopedia glauca","GBIF"
"Merismopedia tranquillum","Merismopedia tranquilla","GBIF"
"Metagonimus romanica","Metagonimus romanicus","GBIF"
"Methanolacinia petrolearius","Methanolacinia petrolearia","GBIF"
"Methanolobus oregonense","Methanolobus oregonensis","GBIF"
"Methanothermobacter thermautotrophicum","Methanothermobacter thermautotrophicus","GBIF"
"Methanothermobacter thermoflexum","Methanothermobacter thermoflexus","GBIF"
"Methanothermobacter thermophilum","Methanothermobacter thermophilus","GBIF"
"Methylobacterium mesophilica","Methylobacterium mesophilicum","GBIF"
"Methylomicrobium agilis","Methylomicrobium agile","GBIF"
"Methylomicrobium albus","Methylomicrobium album","GBIF"
"Methylomicrobium pelagica","Methylomicrobium pelagicum","GBIF"
"Methylomicrobium pelagicus","Methylomicrobium pelagicum","GBIF"
"Metschnikowia pulcherrimus","Metschnikowia pulcherrima","GBIF"
"Microbulbifer elongata","Microbulbifer elongatus","GBIF"
"Microcoleus amoena","Microcoleus amoenus","GBIF"
"Microcoleus amoenum","Microcoleus amoenus","GBIF"
"Microcoleus autumnale","Microcoleus autumnalis","GBIF"
"Microcoleus setchellianum","Microcoleus setchellianus","GBIF"
"Microcoleus subsalsum","Microcoleus subsalsus","GBIF"
"Microcoleus subtorulosa","Microcoleus subtorulosus","GBIF"
"Microcoleus subtorulosum","Microcoleus subtorulosus","GBIF"
"Microcoleus vaginata","Microcoleus vaginatus","GBIF"
"Microcrocis geminatum","Microcrocis geminata","GBIF"
"Microcrocis irregulare","Microcrocis irregularis","GBIF"
"Microcystis pulvereus","Microcystis pulverea","GBIF"
"Microsporidium longifila","Microsporidium longifilum","GBIF"
"Microsporidium lunata","Microsporidium lunatum","GBIF"
"Microsporidium magna","Microsporidium magnum","GBIF"
"Microsporidium polygona","Microsporidium polygonum","GBIF"
"Microsporidium polyspora","Microsporidium polysporum","GBIF"
"Microsporum aenigmatica","Microsporum aenigmaticum","GBIF"
"Microsporum equinus","Microsporum equinum","GBIF"
"Microsporum ferruginea","Microsporum ferrugineum","GBIF"
"Microsporum nana","Microsporum nanum","GBIF"
"Microsporum pertenuis","Microsporum pertenue","GBIF"
"Microsporum velvetica","Microsporum velveticum","GBIF"
"Microterricola gilvus","Microterricola gilva","GBIF"
"Millerozyma farinosus","Millerozyma farinosa","GBIF"
"Moritella marinus","Moritella marina","GBIF"
"Moritella viscosus","Moritella viscosa","GBIF"
"Mortierella bisporale","Mortierella bisporalis","GBIF"
"Mucor ctenidia","Mucor ctenidius","GBIF"
"Mucor ctenidium","Mucor ctenidius","GBIF"
"Mucor fimetaria","Mucor fimetarius","GBIF"
"Mucor fusca","Mucor fuscus","GBIF"
"Mucor rigida","Mucor rigidus","GBIF"
"Mycocentrospora acerinum","Mycocentrospora acerina","GBIF"
"Myroides odoratum","Myroides odoratus","GBIF"
"Nakamurella flavidus","Nakamurella flavida","GBIF"
"Nakamurella lacteus","Nakamurella lactea","GBIF"
"Nakaseomyces glabrata","Nakaseomyces glabratus","GBIF"
"Nannizzia cajetanum","Nannizzia cajetana","GBIF"
"Nannizzia corniculatum","Nannizzia corniculata","GBIF"
"Nannizzia fulvum","Nannizzia fulva","GBIF"
"Nannizzia guizhouense","Nannizzia guizhouensis","GBIF"
"Nannizzia obtusum","Nannizzia obtusa","GBIF"
"Nannizzia racemosum","Nannizzia racemosa","GBIF"
"Nectria aurantiacum","Nectria aurantiaca","GBIF"
"Nectria cinnabarinus","Nectria cinnabarina","GBIF"
"Nectria fusisporum","Nectria fusispora","GBIF"
"Nectria grayanum","Nectria grayana","GBIF"
"Nectria neblinense","Nectria neblinensis","GBIF"
"Nectria pulcherrimum","Nectria pulcherrima","GBIF"
"Nectria septosporum","Nectria septospora","GBIF"
"Nectria truncatum","Nectria truncata","GBIF"
"Nectria tuberculatum","Nectria tuberculata","GBIF"
"Nectria verrucosum","Nectria verrucosa","GBIF"
"Nesterenkonia halobius","Nesterenkonia halobia","GBIF"
"Nosema acuta","Nosema acutum","GBIF"
"Nosema punctifera","Nosema punctiferum","GBIF"
"Nostoc communis","Nostoc commune","GBIF"
"Nostoc minuta","Nostoc minutum","GBIF"
"Nostoc minutissima","Nostoc minutissimum","GBIF"
"Nostoc pruniformis","Nostoc pruniforme","GBIF"
"Nostoc sphaerica","Nostoc sphaericum","GBIF"
"Nostoc verrucosa","Nostoc verrucosum","GBIF"
"Novosphingobium capsulata","Novosphingobium capsulatum","GBIF"
"Novosphingobium subterranea","Novosphingobium subterraneum","GBIF"
"Oesophagostomum radiatus","Oesophagostomum radiatum","GBIF"
"Oidiodendron cerealis","Oidiodendron cereale","GBIF"
"Oidiodendron tenuissima","Oidiodendron tenuissimum","GBIF"
"Opisthorchis elongatus","Opisthorchis elongatum","GBIF"
"Opisthorchis felineum","Opisthorchis felineus","GBIF"
"Opisthorchis longissimum","Opisthorchis longissimus","GBIF"
"Opisthorchis tenuicolle","Opisthorchis tenuicollis","GBIF"
"Oscillatoria cortianum","Oscillatoria cortiana","GBIF"
"Oscillatoria limosum","Oscillatoria limosa","GBIF"
"Oscillatoria simplicissimum","Oscillatoria simplicissima","GBIF"
"Oxalophagus oxalicum","Oxalophagus oxalicus","GBIF"
"Oxynema lloydiana","Oxynema lloydianum","GBIF"
"Paecilomyces cinnamomeum","Paecilomyces cinnamomeus","GBIF"
"Paecilomyces divaricata","Paecilomyces divaricatus","GBIF"
"Paecilomyces divaricatum","Paecilomyces divaricatus","GBIF"
"Paecilomyces formosa","Paecilomyces formosus","GBIF"
"Paecilomyces fulva","Paecilomyces fulvus","GBIF"
"Paecilomyces fuscum","Paecilomyces fuscus","GBIF"
"Paecilomyces nivea","Paecilomyces niveus","GBIF"
"Paecilomyces pascuum","Paecilomyces pascuus","GBIF"
"Paecilomyces suffultum","Paecilomyces suffultus","GBIF"
"Paracoccidioides brasiliense","Paracoccidioides brasiliensis","GBIF"
"Paracoccus pantotropha","Paracoccus pantotrophus","GBIF"
"Paramaledivibacter caminithermale","Paramaledivibacter caminithermalis","GBIF"
"Pararhizobium capsulatus","Pararhizobium capsulatum","GBIF"
"Parietichytrium sarkariana","Parietichytrium sarkarianum","GBIF"
"Pectobacterium atrosepticus","Pectobacterium atrosepticum","GBIF"
"Pectobacterium carotovora","Pectobacterium carotovorum","GBIF"
"Pedobacter heparina","Pedobacter heparinus","GBIF"
"Pedobacter heparinum","Pedobacter heparinus","GBIF"
"Pelosinus propionica","Pelosinus propionicus","GBIF"
"Petalonema crustacea","Petalonema crustaceum","GBIF"
"Phaeoacremonium africana","Phaeoacremonium africanum","GBIF"
"Phaeoacremonium aquatica","Phaeoacremonium aquaticum","GBIF"
"Phaeoacremonium argentinensis","Phaeoacremonium argentinense","GBIF"
"Phaeoacremonium austroafricana","Phaeoacremonium austroafricanum","GBIF"
"Phaeoacremonium fraxinopennsylvanica","Phaeoacremonium fraxinopennsylvanicum","GBIF"
"Phaeoacremonium griseo-olivacea","Phaeoacremonium griseo-olivaceum","GBIF"
"Phaeoacremonium inconspicua","Phaeoacremonium inconspicuum","GBIF"
"Phaeoacremonium leptorhyncha","Phaeoacremonium leptorhynchum","GBIF"
"Phaeoacremonium minima","Phaeoacremonium minimum","GBIF"
"Phaeoacremonium parasitica","Phaeoacremonium parasiticum","GBIF"
"Phaeoacremonium rubrigena","Phaeoacremonium rubrigenum","GBIF"
"Phaeoacremonium vibratilis","Phaeoacremonium vibratile","GBIF"
"Phaeomoniella chlamydosporum","Phaeomoniella chlamydospora","GBIF"
"Phoma crocophilum","Phoma crocophila","GBIF"
"Phoma cruentus","Phoma cruenta","GBIF"
"Phoma dubius","Phoma dubia","GBIF"
"Phoma microcarpum","Phoma microcarpa","GBIF"
"Phoma sahariense","Phoma sahariensis","GBIF"
"Phormidium brevis","Phormidium breve","GBIF"
"Phormidium chalybea","Phormidium chalybeum","GBIF"
"Phormidium exospira","Phormidium exospirum","GBIF"
"Phormidium granulata","Phormidium granulatum","GBIF"
"Phormidium insignis","Phormidium insigne","GBIF"
"Phormidium inundata","Phormidium inundatum","GBIF"
"Phormidium irrigua","Phormidium irriguum","GBIF"
"Phormidium koprophila","Phormidium koprophilum","GBIF"
"Phormidium kuetzingiana","Phormidium kuetzingianum","GBIF"
"Phormidium minnesotensis","Phormidium minnesotense","GBIF"
"Phormidium niger","Phormidium nigrum","GBIF"
"Phormidium nigra","Phormidium nigrum","GBIF"
"Phormidium nigroviridis","Phormidium nigroviride","GBIF"
"Phormidium papyracea","Phormidium papyraceum","GBIF"
"Phormidium putealis","Phormidium puteale","GBIF"
"Phormidium rosea","Phormidium roseum","GBIF"
"Phormidium subfusca","Phormidium subfuscum","GBIF"
"Phormidium submembranacea","Phormidium submembranaceum","GBIF"
"Phormidium tergestina","Phormidium tergestinum","GBIF"
"Phormidium tortuosa","Phormidium tortuosum","GBIF"
"Phormidium uncinata","Phormidium uncinatum","GBIF"
"Photobacterium iliopiscarius","Photobacterium iliopiscarium","GBIF"
"Piscinibacter aquaticum","Piscinibacter aquaticus","GBIF"
"Pithomyces leprosa","Pithomyces leprosus","GBIF"
"Pithomyces pulvinata","Pithomyces pulvinatus","GBIF"
"Pithomyces valparadisiaca","Pithomyces valparadisiacus","GBIF"
"Pithomyces valparadisiacum","Pithomyces valparadisiacus","GBIF"
"Planktolyngbya contortus","Planktolyngbya contorta","GBIF"
"Plectonema gracillima","Plectonema gracillimum","GBIF"
"Porphyromonas asaccharolyticus","Porphyromonas asaccharolytica","GBIF"
"Prevotella bivius","Prevotella bivia","GBIF"
"Prevotella intermedius","Prevotella intermedia","GBIF"
"Prevotella melaninogenicus","Prevotella melaninogenica","GBIF"
"Priceomyces haplophila","Priceomyces haplophilus","GBIF"
"Priceomyces media","Priceomyces medius","GBIF"
"Priceomyces melissophila","Priceomyces melissophilus","GBIF"
"Propioniferax innocuum","Propioniferax innocua","GBIF"
"Prosthecochloris vibrioforme","Prosthecochloris vibrioformis","GBIF"
"Pseudallescheria africanum","Pseudallescheria africana","GBIF"
"Pseudanabaena arcuatum","Pseudanabaena arcuata","GBIF"
"Pseudanabaena dictyothallum","Pseudanabaena dictyothalla","GBIF"
"Pseudanabaena minimum","Pseudanabaena minima","GBIF"
"Pseudoclavibacter helvola","Pseudoclavibacter helvolus","GBIF"
"Pseudomonas putidus","Pseudomonas putida","GBIF"
"Pseudophormidium golenkiniana","Pseudophormidium golenkinianum","GBIF"
"Pseudophormidium radiosa","Pseudophormidium radiosum","GBIF"
"Pseudoramibacter alactolyticum","Pseudoramibacter alactolyticus","GBIF"
"Pseudorhodobacter ferrugineum","Pseudorhodobacter ferrugineus","GBIF"
"Psychrobacter phenylpyruvica","Psychrobacter phenylpyruvicus","GBIF"
"Pyrobaculum neutrophilus","Pyrobaculum neutrophilum","GBIF"
"Rathayibacter iranicum","Rathayibacter iranicus","GBIF"
"Rhabdoderma irregularis","Rhabdoderma irregulare","GBIF"
"Rhabdoderma linearis","Rhabdoderma lineare","GBIF"
"Rhabdoderma rubra","Rhabdoderma rubrum","GBIF"
"Rhinocladiella basitonum","Rhinocladiella basitona","GBIF"
"Rhinocladiella fasciculatum","Rhinocladiella fasciculata","GBIF"
"Rhizobacter fulvum","Rhizobacter fulvus","GBIF"
"Rhizobium aggregatus","Rhizobium aggregatum","GBIF"
"Rhizobium viscosus","Rhizobium viscosum","GBIF"
"Rhizopus lyococcum","Rhizopus lyococcus","GBIF"
"Rhodobacter capsulata","Rhodobacter capsulatus","GBIF"
"Rhodoblastus acidophila","Rhodoblastus acidophilus","GBIF"
"Rhodocyclus tenue","Rhodocyclus tenuis","GBIF"
"Rhodoglobus aurea","Rhodoglobus aureus","GBIF"
"Rhodoplanes rosea","Rhodoplanes roseus","GBIF"
"Rhodotorula corallinus","Rhodotorula corallina","GBIF"
"Rhodotorula diobovatum","Rhodotorula diobovata","GBIF"
"Rhodotorula paludigenum","Rhodotorula paludigena","GBIF"
"Rhodotorula sphaerocarpum","Rhodotorula sphaerocarpa","GBIF"
"Rhodovibrio sodomense","Rhodovibrio sodomensis","GBIF"
"Rhodovulum adriatica","Rhodovulum adriaticum","GBIF"
"Rhodovulum adriaticus","Rhodovulum adriaticum","GBIF"
"Rhodovulum euryhalinus","Rhodovulum euryhalinum","GBIF"
"Rhodovulum sulfidophila","Rhodovulum sulfidophilum","GBIF"
"Rhodovulum sulfidophilus","Rhodovulum sulfidophilum","GBIF"
"Rivibacter subsaxonicum","Rivibacter subsaxonicus","GBIF"
"Rodentibacter pneumotropica","Rodentibacter pneumotropicus","GBIF"
"Romboutsia lituseburense","Romboutsia lituseburensis","GBIF"
"Roseibium marina","Roseibium marinum","GBIF"
"Rothia mucilaginosus","Rothia mucilaginosa","GBIF"
"Rubrivivax gelatinosa","Rubrivivax gelatinosus","GBIF"
"Ruegeria atlanticum","Ruegeria atlantica","GBIF"
"Saccharopolyspora erythraeus","Saccharopolyspora erythraea","GBIF"
"Salibacterium qingdaonensis","Salibacterium qingdaonense","GBIF"
"Salimicrobium albus","Salimicrobium album","GBIF"
"Salimicrobium halophilus","Salimicrobium halophilum","GBIF"
"Salinicola salaria","Salinicola salarius","GBIF"
"Scardovia inopinatum","Scardovia inopinata","GBIF"
"Scedosporium minutispora","Scedosporium minutisporum","GBIF"
"Scheffersomyces insectosa","Scheffersomyces insectosus","GBIF"
"Scheffersomyces lignosa","Scheffersomyces lignosus","GBIF"
"Scheffersomyces stipite","Scheffersomyces stipitis","GBIF"
"Scolecobasidium anomala","Scolecobasidium anomalum","GBIF"
"Scolecobasidium atlantica","Scolecobasidium atlanticum","GBIF"
"Scolecobasidium bacilliformis","Scolecobasidium bacilliforme","GBIF"
"Scolecobasidium constricta","Scolecobasidium constrictum","GBIF"
"Scolecobasidium fusarioidea","Scolecobasidium fusarioideum","GBIF"
"Scolecobasidium fusiformis","Scolecobasidium fusiforme","GBIF"
"Scolecobasidium globalis","Scolecobasidium globale","GBIF"
"Scolecobasidium guangxiensis","Scolecobasidium guangxiense","GBIF"
"Scolecobasidium lascauxensis","Scolecobasidium lascauxense","GBIF"
"Scolecobasidium mirabilis","Scolecobasidium mirabile","GBIF"
"Scolecobasidium sexualis","Scolecobasidium sexuale","GBIF"
"Scolecobasidium terrea","Scolecobasidium terreum","GBIF"
"Scopulariopsis coprophilum","Scopulariopsis coprophila","GBIF"
"Scopulariopsis flavum","Scopulariopsis flava","GBIF"
"Scopulariopsis rufulum","Scopulariopsis rufula","GBIF"
"Scytalidium cuboidea","Scytalidium cuboideum","GBIF"
"Scytalidium ganodermophthora","Scytalidium ganodermophthorum","GBIF"
"Scytalidium sphaerospora","Scytalidium sphaerosporum","GBIF"
"Scytonema guyanensis","Scytonema guyanense","GBIF"
"Scytonema javanicus","Scytonema javanicum","GBIF"
"Scytonema julianus","Scytonema julianum","GBIF"
"Scytonema ocellata","Scytonema ocellatum","GBIF"
"Scytonema stuposa","Scytonema stuposum","GBIF"
"Sedimentibacter hydroxybenzoicum","Sedimentibacter hydroxybenzoicus","GBIF"
"Seinonella peptonophilus","Seinonella peptonophila","GBIF"
"Sicyoidochytrium minuta","Sicyoidochytrium minutum","GBIF"
"Simplicispira metamorphum","Simplicispira metamorpha","GBIF"
"Simplicispira psychrophilum","Simplicispira psychrophila","GBIF"
"Sinomonas albidus","Sinomonas albida","GBIF"
"Sinomonas atrocyaneus","Sinomonas atrocyanea","GBIF"
"Siphononema polonica","Siphononema polonicum","GBIF"
"Slackia exiguum","Slackia exigua","GBIF"
"Snowella lacustre","Snowella lacustris","GBIF"
"Snowella roseum","Snowella rosea","GBIF"
"Solimonas flavus","Solimonas flava","GBIF"
"Sphingobium chlorophenolica","Sphingobium chlorophenolicum","GBIF"
"Sphingobium chungbukensis","Sphingobium chungbukense","GBIF"
"Sphingobium xenophaga","Sphingobium xenophagum","GBIF"
"Sphingomonas leidyia","Sphingomonas leidyi","GBIF"
"Sphingopyxis macrogoltabidus","Sphingopyxis macrogoltabida","GBIF"
"Spirometra gracile","Spirometra gracilis","GBIF"
"Sporobolomyces photographa","Sporobolomyces photographus","GBIF"
"Sporobolomyces shibatana","Sporobolomyces shibatanus","GBIF"
"Sporosarcina psychrophilus","Sporosarcina psychrophila","GBIF"
"Sporothrix abietinum","Sporothrix abietina","GBIF"
"Sporothrix africanum","Sporothrix africana","GBIF"
"Sporothrix album","Sporothrix alba","GBIF"
"Sporothrix bragantinum","Sporothrix bragantina","GBIF"
"Sporothrix candidum","Sporothrix candida","GBIF"
"Sporothrix cantabriense","Sporothrix cantabriensis","GBIF"
"Sporothrix dentifundum","Sporothrix dentifunda","GBIF"
"Sporothrix epigloeum","Sporothrix epigloea","GBIF"
"Sporothrix euskadiense","Sporothrix euskadiensis","GBIF"
"Sporothrix fumeum","Sporothrix fumea","GBIF"
"Sporothrix fusiforme","Sporothrix fusiformis","GBIF"
"Sporothrix gemellus","Sporothrix gemella","GBIF"
"Sporothrix gossypinum","Sporothrix gossypina","GBIF"
"Sporothrix lunatum","Sporothrix lunata","GBIF"
"Sporothrix nebulare","Sporothrix nebularis","GBIF"
"Sporothrix pallidum","Sporothrix pallida","GBIF"
"Sporothrix palmiculminatum","Sporothrix palmiculminata","GBIF"
"Sporothrix proliferum","Sporothrix prolifera","GBIF"
"Sporothrix setiphilum","Sporothrix setiphila","GBIF"
"Sporothrix thermarum","Sporothrix thermara","GBIF"
"Sporothrix zambiense","Sporothrix zambiensis","GBIF"
"Sporotrichum crocea","Sporotrichum croceum","GBIF"
"Stachybotrys indica","Stachybotrys indicus","GBIF"
"Stachybotrys punctata","Stachybotrys punctatus","GBIF"
"Stappia stellulatum","Stappia stellulata","GBIF"
"Stigonema mamillosa","Stigonema mamillosum","GBIF"
"Stigonema mamillosus","Stigonema mamillosum","GBIF"
"Stigonema tomentosus","Stigonema tomentosum","GBIF"
"Streptomyces abikoense","Streptomyces abikoensis","GBIF"
"Streptomyces album","Streptomyces albus","GBIF"
"Streptomyces antibiotica","Streptomyces antibioticus","GBIF"
"Streptomyces ardum","Streptomyces ardus","GBIF"
"Streptomyces blastmyceticum","Streptomyces blastmyceticus","GBIF"
"Streptomyces brasiliense","Streptomyces brasiliensis","GBIF"
"Streptomyces carpinense","Streptomyces carpinensis","GBIF"
"Streptomyces cinerea","Streptomyces cinereus","GBIF"
"Streptomyces cinnamoneum","Streptomyces cinnamoneus","GBIF"
"Streptomyces cinnamoneum cinnamoneum","Streptomyces cinnamoneus cinnamoneus","GBIF"
"Streptomyces cinnamoneus lanosus","Streptomyces cinnamoneum lanosum","GBIF"
"Streptomyces cinnamoneus sparsus","Streptomyces cinnamoneum sparsum","GBIF"
"Streptomyces eurocidicum","Streptomyces eurocidicus","GBIF"
"Streptomyces flavea","Streptomyces flaveus","GBIF"
"Streptomyces grisea","Streptomyces griseus","GBIF"
"Streptomyces griseocarneum","Streptomyces griseocarneus","GBIF"
"Streptomyces hiroshimense","Streptomyces hiroshimensis","GBIF"
"Streptomyces lavenduligriseum","Streptomyces lavenduligriseus","GBIF"
"Streptomyces lilacinum","Streptomyces lilacinus","GBIF"
"Streptomyces mashuense","Streptomyces mashuensis","GBIF"
"Streptomyces minutisclerotica","Streptomyces minutiscleroticus","GBIF"
"Streptomyces mobaraense","Streptomyces mobaraensis","GBIF"
"Streptomyces olivacea","Streptomyces olivaceus","GBIF"
"Streptomyces olivoverticillatum","Streptomyces olivoverticillatus","GBIF"
"Streptomyces purpurea","Streptomyces purpureus","GBIF"
"Streptomyces rubra","Streptomyces ruber","GBIF"
"Streptomyces spirale","Streptomyces spiralis","GBIF"
"Streptomyces thioluteum","Streptomyces thioluteus","GBIF"
"Streptomyces violacea","Streptomyces violaceus","GBIF"
"Streptomyces violaceum","Streptomyces violaceus","GBIF"
"Synechococcus sigmoideum","Synechococcus sigmoideus","GBIF"
"Synechocystis endobioticus","Synechocystis endobiotica","GBIF"
"Taenia saginatum","Taenia saginata","GBIF"
"Talaromyces aculeatum","Talaromyces aculeatus","GBIF"
"Talaromyces africanum","Talaromyces africanus","GBIF"
"Talaromyces albobiverticillium","Talaromyces albobiverticillius","GBIF"
"Talaromyces allahabadense","Talaromyces allahabadensis","GBIF"
"Talaromyces assiutense","Talaromyces assiutensis","GBIF"
"Talaromyces aurantiacum","Talaromyces aurantiacus","GBIF"
"Talaromyces bohemica","Talaromyces bohemicus","GBIF"
"Talaromyces brunneum","Talaromyces brunneus","GBIF"
"Talaromyces calidicanium","Talaromyces calidicanius","GBIF"
"Talaromyces dendriticum","Talaromyces dendriticus","GBIF"
"Talaromyces diversum","Talaromyces diversus","GBIF"
"Talaromyces funiculosum","Talaromyces funiculosus","GBIF"
"Talaromyces gaditanum","Talaromyces gaditanus","GBIF"
"Talaromyces galapagense","Talaromyces galapagensis","GBIF"
"Talaromyces helicum","Talaromyces helicus","GBIF"
"Talaromyces intermedium","Talaromyces intermedius","GBIF"
"Talaromyces islandicum","Talaromyces islandicus","GBIF"
"Talaromyces loliense","Talaromyces loliensis","GBIF"
"Talaromyces malagense","Talaromyces malagensis","GBIF"
"Talaromyces minioluteum","Talaromyces minioluteus","GBIF"
"Talaromyces panamense","Talaromyces panamensis","GBIF"
"Talaromyces pinophilum","Talaromyces pinophilus","GBIF"
"Talaromyces primulinum","Talaromyces primulinus","GBIF"
"Talaromyces proteolyticum","Talaromyces proteolyticus","GBIF"
"Talaromyces pseudostromaticum","Talaromyces pseudostromaticus","GBIF"
"Talaromyces purpureogenum","Talaromyces purpureogenus","GBIF"
"Talaromyces purpureum","Talaromyces purpureus","GBIF"
"Talaromyces radicum","Talaromyces radicus","GBIF"
"Talaromyces ramulosum","Talaromyces ramulosus","GBIF"
"Talaromyces resedanum","Talaromyces resedanus","GBIF"
"Talaromyces rotundum","Talaromyces rotundus","GBIF"
"Talaromyces rubicundum","Talaromyces rubicundus","GBIF"
"Talaromyces rubrum","Talaromyces ruber","GBIF"
"Talaromyces rugulosum","Talaromyces rugulosus","GBIF"
"Talaromyces ryukyuense","Talaromyces ryukyuensis","GBIF"
"Talaromyces scorteum","Talaromyces scorteus","GBIF"
"Talaromyces stipitatum","Talaromyces stipitatus","GBIF"
"Talaromyces ucrainicum","Talaromyces ucrainicus","GBIF"
"Talaromyces variabile","Talaromyces variabilis","GBIF"
"Talaromyces verruculosum","Talaromyces verruculosus","GBIF"
"Talaromyces viride","Talaromyces viridis","GBIF"
"Tenacibaculum maritimus","Tenacibaculum maritimum","GBIF"
"Tenacibaculum ovolyticus","Tenacibaculum ovolyticum","GBIF"
"Terasakiella pusillum","Terasakiella pusilla","GBIF"
"Terrimonas ferrugineum","Terrimonas ferruginea","GBIF"
"Terrisporobacter glycolicum","Terrisporobacter glycolicus","GBIF"
"Thelohania giganteum","Thelohania gigantea","GBIF"
"Thermoanaerobacter thermohydrosulfuricum","Thermoanaerobacter thermohydrosulfuricus","GBIF"
"Thermochaetoides thermophilum","Thermochaetoides thermophila","GBIF"
"Thermodesulfobacterium thermophilus","Thermodesulfobacterium thermophilum","GBIF"
"Thermoflavimicrobium dichotomicus","Thermoflavimicrobium dichotomicum","GBIF"
"Thiocapsa roseus","Thiocapsa rosea","GBIF"
"Thiolamprovum pedioformis","Thiolamprovum pedioforme","GBIF"
"Thiomicrospira aerophilum","Thiomicrospira aerophila","GBIF"
"Thiomicrospira cyclicum","Thiomicrospira cyclica","GBIF"
"Thiomicrospira microaerophilum","Thiomicrospira microaerophila","GBIF"
"Thiomicrospira sibiricum","Thiomicrospira sibirica","GBIF"
"Thiomonas delicatus","Thiomonas delicata","GBIF"
"Thiomonas intermedius","Thiomonas intermedia","GBIF"
"Thiomonas thermosulfatus","Thiomonas thermosulfata","GBIF"
"Tissierella praeacutus","Tissierella praeacuta","GBIF"
"Trichocoleus tenerrima","Trichocoleus tenerrimus","GBIF"
"Trichoderma aeruginea","Trichoderma aerugineum","GBIF"
"Trichoderma albocornea","Trichoderma albocorneum","GBIF"
"Trichoderma albofulva","Trichoderma albofulvum","GBIF"
"Trichoderma alutacea","Trichoderma alutaceum","GBIF"
"Trichoderma alutaceus","Trichoderma alutaceum","GBIF"
"Trichoderma americana","Trichoderma americanum","GBIF"
"Trichoderma andinensis","Trichoderma andinense","GBIF"
"Trichoderma atlantica","Trichoderma atlanticum","GBIF"
"Trichoderma atrogelatinosa","Trichoderma atrogelatinosum","GBIF"
"Trichoderma atroviridis","Trichoderma atroviride","GBIF"
"Trichoderma aurantioeffusa","Trichoderma aurantioeffusum","GBIF"
"Trichoderma aureoviridis","Trichoderma aureoviride","GBIF"
"Trichoderma austriaca","Trichoderma austriacum","GBIF"
"Trichoderma avellanea","Trichoderma avellaneum","GBIF"
"Trichoderma bavarica","Trichoderma bavaricum","GBIF"
"Trichoderma britannica","Trichoderma britannicum","GBIF"
"Trichoderma britannicus","Trichoderma britannicum","GBIF"
"Trichoderma brunneoviridis","Trichoderma brunneoviride","GBIF"
"Trichoderma candida","Trichoderma candidum","GBIF"
"Trichoderma caribbaea","Trichoderma caribbaeum","GBIF"
"Trichoderma ceracea","Trichoderma ceraceum","GBIF"
"Trichoderma ceramica","Trichoderma ceramicum","GBIF"
"Trichoderma cerebriformis","Trichoderma cerebriforme","GBIF"
"Trichoderma chlorospora","Trichoderma chlorosporum","GBIF"
"Trichoderma chromosperma","Trichoderma chromospermum","GBIF"
"Trichoderma cinnamomea","Trichoderma cinnamomeum","GBIF"
"Trichoderma citrina","Trichoderma citrinum","GBIF"
"Trichoderma citrinella","Trichoderma citrinellum","GBIF"
"Trichoderma citrinellus","Trichoderma citrinellum","GBIF"
"Trichoderma cornea","Trichoderma corneum","GBIF"
"Trichoderma costaricensis","Trichoderma costaricense","GBIF"
"Trichoderma crassa","Trichoderma crassum","GBIF"
"Trichoderma cremea","Trichoderma cremeum","GBIF"
"Trichoderma crystalligena","Trichoderma crystalligenum","GBIF"
"Trichoderma cuneispora","Trichoderma cuneisporum","GBIF"
"Trichoderma dacrymycella","Trichoderma dacrymycellum","GBIF"
"Trichoderma delicatula","Trichoderma delicatulum","GBIF"
"Trichoderma estonica","Trichoderma estonicum","GBIF"
"Trichoderma flaviconidia","Trichoderma flaviconidium","GBIF"
"Trichoderma granulosa","Trichoderma granulosum","GBIF"
"Trichoderma hongkongensis","Trichoderma hongkongense","GBIF"
"Trichoderma intricata","Trichoderma intricatum","GBIF"
"Trichoderma lacuwombatensis","Trichoderma lacuwombatense","GBIF"
"Trichoderma lentiformis","Trichoderma lentiforme","GBIF"
"Trichoderma luteocrystallina","Trichoderma luteocrystallinum","GBIF"
"Trichoderma luteoeffusa","Trichoderma luteoeffusum","GBIF"
"Trichoderma margaretensis","Trichoderma margaretense","GBIF"
"Trichoderma minutispora","Trichoderma minutisporum","GBIF"
"Trichoderma pachypallida","Trichoderma pachypallidum","GBIF"
"Trichoderma parapilulifera","Trichoderma parapiluliferum","GBIF"
"Trichoderma parestonica","Trichoderma parestonicum","GBIF"
"Trichoderma pilulifera","Trichoderma piluliferum","GBIF"
"Trichoderma poronioidea","Trichoderma poronioideum","GBIF"
"Trichoderma pseudogelatinosa","Trichoderma pseudogelatinosum","GBIF"
"Trichoderma pseudostraminea","Trichoderma pseudostramineum","GBIF"
"Trichoderma psychrophila","Trichoderma psychrophilum","GBIF"
"Trichoderma pulvinata","Trichoderma pulvinatum","GBIF"
"Trichoderma roseus","Trichoderma roseum","GBIF"
"Trichoderma sinuosa","Trichoderma sinuosum","GBIF"
"Trichoderma straminea","Trichoderma stramineum","GBIF"
"Trichoderma stromatica","Trichoderma stromaticum","GBIF"
"Trichoderma subeffusa","Trichoderma subeffusum","GBIF"
"Trichoderma subsulphurea","Trichoderma subsulphureum","GBIF"
"Trichoderma surrotunda","Trichoderma surrotundum","GBIF"
"Trichoderma thailandica","Trichoderma thailandicum","GBIF"
"Trichoderma tropicosinensis","Trichoderma tropicosinense","GBIF"
"Trichoderma valdunensis","Trichoderma valdunense","GBIF"
"Trichoderma victoriensis","Trichoderma victoriense","GBIF"
"Trichoderma vinosa","Trichoderma vinosum","GBIF"
"Trichoderma viridis","Trichoderma viride","GBIF"
"Trichoderma vulpina","Trichoderma vulpinum","GBIF"
"Trichodesmium lacustris","Trichodesmium lacustre","GBIF"
"Trichophyton concentrica","Trichophyton concentricum","GBIF"
"Trichophyton farinulenta","Trichophyton farinulentum","GBIF"
"Trichophyton farinulentus","Trichophyton farinulentum","GBIF"
"Trichophyton interdigitalis","Trichophyton interdigitale","GBIF"
"Trichophyton quinckeana","Trichophyton quinckeanum","GBIF"
"Trichophyton quinckeanus","Trichophyton quinckeanum","GBIF"
"Trichophyton radiolatus","Trichophyton radiolatum","GBIF"
"Trichophyton ruber","Trichophyton rubrum","GBIF"
"Trichophyton rubra","Trichophyton rubrum","GBIF"
"Trichophyton soudanensis","Trichophyton soudanense","GBIF"
"Trichophyton violacea","Trichophyton violaceum","GBIF"
"Trichophyton violaceus","Trichophyton violaceum","GBIF"
"Trichosporon coremiiformis","Trichosporon coremiiforme","GBIF"
"Trichuris infundibulus","Trichuris infundibulis","GBIF"
"Umezawaea tangerinus","Umezawaea tangerina","GBIF"
"Ustilago esculentum","Ustilago esculenta","GBIF"
"Ustilago filiforme","Ustilago filiformis","GBIF"
"Ustilago longissimum","Ustilago longissima","GBIF"
"Ustilago longissimus","Ustilago longissima","GBIF"
"Ustilago muricatum","Ustilago muricata","GBIF"
"Ustilago trichophorum","Ustilago trichophora","GBIF"
"Vibrio alginolytica","Vibrio alginolyticus","GBIF"
"Vibrio parahaemolytica","Vibrio parahaemolyticus","GBIF"
"Vibrio proteolytica","Vibrio proteolyticus","GBIF"
"Vibrio splendida","Vibrio splendidus","GBIF"
"Vibrio vulnifica","Vibrio vulnificus","GBIF"
"Vulcaniibacterium thermophilus","Vulcaniibacterium thermophilum","GBIF"
"Wickerhamomyces anomala","Wickerhamomyces anomalus","GBIF"
"Wickerhamomyces anomalus anomalus","Wickerhamomyces anomala anomala","GBIF"
"Wickerhamomyces mucosa","Wickerhamomyces mucosus","GBIF"
"Wickerhamomyces subpelliculosa","Wickerhamomyces subpelliculosus","GBIF"
"Woronichinia naegelianum","Woronichinia naegeliana","GBIF"
"Xenococcus minima","Xenococcus minimus","GBIF"
"Xylophilus ampelina","Xylophilus ampelinus","GBIF"
"Zobellia uliginosum","Zobellia uliginosa","GBIF"
"Zygosaccharomyces japonica","Zygosaccharomyces japonicus","GBIF"
"Zygosaccharomyces salsa","Zygosaccharomyces salsus","GBIF"
