"mo","fullname","rank","status","prevalence"
"F_GRPHM_GSTS","Graphium aegistus","species","unknown",1.25
"F_GRPHM_ARST","Graphium aristea","species","unknown",1.25
"F_GRPHM_ERYP","Graphium eurypilus","species","unknown",1.25
"F_GRPHM_GLYC","Graphium glycerion","species","unknown",1.25
"F_GRPHM_IMPR","Graphium impar","species","unknown",1.25
"F_GRPHM_JASN","Graphium jason","species","unknown",1.25
"F_GRPHM_LDCS","Graphium laodocus","species","unknown",1.25
"F_GRPHM_LCTH","Graphium leucothoe","species","unknown",1.25
"F_GRPHM_MCCR","Graphium maccareus","species","unknown",1.25
"F_GRPHM_PYLD","Graphium pylades","species","unknown",1.25
"F_GRPHM_SGNX","Graphium segonax","species","unknown",1.25
"B_MCRSPH_PNCL","Microsphaera penicillata","species","unknown",2
"B_MYCBC_AVIM-C","Mycobacterium avium-intracellulare complex","species group","accepted",1
