"genus","domain","best_domain","source","n"
"Buchnera","Plantae","Bacteria","GBIF",223
"Graphium","Animalia","Fungi","GBIF",196
"Microsphaera","Fungi","Bacteria","MycoBank",176
"Serpula","Animalia","Bacteria","GBIF",146
"Paracoccus","Animalia","Bacteria","GBIF",97
"Planococcus","Animalia","Bacteria","GBIF",69
"Microsphaera","Fungi","Bacteria","GBIF",62
"Prescottia","Plantae","Animalia","GBIF",57
"Rothia","Animalia","Bacteria","GBIF",48
"Serpula","Fungi","Bacteria","MycoBank",48
"Bacillus","Animalia","Bacteria","GBIF",39
"Bogoriella","Fungi","Bacteria","MycoBank",38
"Gordonia","Plantae","Bacteria","GBIF",34
"Xerocarpus","Fungi","Plantae","GBIF",34
"Microcyclus","Fungi","Bacteria","GBIF",31
"Schizophyllum","Animalia","Fungi","GBIF",31
"Morganella","Fungi","Bacteria","MycoBank",27
"Centipeda","Plantae","Bacteria","GBIF",22
"Lycoperdon","Protozoa","Fungi","GBIF",20
"Capillaria","Fungi","Animalia","GBIF",16
"Coxiella","Animalia","Bacteria","GBIF",13
"Hymenolepis","Plantae","Animalia","GBIF",13
"Polycystis","Fungi","Bacteria","GBIF",13
"Rhodococcus","Animalia","Bacteria","GBIF",13
"Jonesia","Animalia","Bacteria","GBIF",12
"Micrococcus","Animalia","Bacteria","GBIF",12
"Morganella","Animalia","Bacteria","GBIF",12
"Mucor","Protozoa","Fungi","GBIF",12
"Lawsonia","Plantae","Bacteria","GBIF",11
"Proteus","Animalia","Bacteria","GBIF",11
"Nectria","Animalia","Fungi","GBIF",10
"Cryptococcus","Animalia","Fungi","GBIF",8
"Serpula","Fungi","Bacteria","GBIF",8
"Sodalis","Animalia","Bacteria","GBIF",8
"Edwardsiella","Animalia","Bacteria","GBIF",7
"Moorella","Animalia","Bacteria","GBIF",7
"Oligella","Animalia","Bacteria","GBIF",7
"Amoebophilus","Fungi","Bacteria","GBIF",6
"Eremococcus","Animalia","Bacteria","GBIF",6
"Leptochaete","Fungi","Bacteria","GBIF",6
"Moorella","Fungi","Bacteria","MycoBank",6
"Necator","Fungi","Animalia","GBIF",6
"Rothia","Plantae","Bacteria","GBIF",6
"Schineria","Animalia","Bacteria","GBIF",6
"Wolinella","Animalia","Bacteria","GBIF",6
"Cristispira","Animalia","Bacteria","GBIF",5
"Metschnikowia","Animalia","Fungi","GBIF",5
"Micrococcus","Fungi","Bacteria","MycoBank",5
"Micromonas","Plantae","Bacteria","GBIF",5
"Tieghemella","Plantae","Fungi","GBIF",5
"Tremblaya","Animalia","Bacteria","GBIF",5
"Circinella","Chromista","Fungi","GBIF",4
"Geochorda","Plantae","Bacteria","GBIF",4
"Polymorphum","Fungi","Bacteria","GBIF",4
"Brachyspira","Animalia","Bacteria","GBIF",3
"Bryantella","Animalia","Bacteria","GBIF",3
"Chainia","Fungi","Bacteria","MycoBank",3
"Cyanoderma","Fungi","Bacteria","GBIF",3
"Diplonema","Fungi","Protozoa","GBIF",3
"Frankia","Fungi","Bacteria","MycoBank",3
"Hendersonula","Animalia","Fungi","GBIF",3
"Lagenula","Fungi","Protozoa","GBIF",3
"Nodularia","Fungi","Bacteria","GBIF",3
"Paludicola","Plantae","Bacteria","GBIF",3
"Pirella","Fungi","Bacteria","MycoBank",3
"Rozella","Protozoa","Fungi","GBIF",3
"Stigmatella","Fungi","Bacteria","GBIF",3
"Trichocephalus","Plantae","Animalia","GBIF",3
"Yersinia","Animalia","Bacteria","GBIF",3
"Absidia","Animalia","Fungi","GBIF",2
"Advenella","Chromista","Bacteria","GBIF",2
"Ampullariella","Animalia","Bacteria","GBIF",2
"Bergeriella","Chromista","Bacteria","GBIF",2
"Bipolaris","Plantae","Fungi","GBIF",2
"Clavaria","Protozoa","Fungi","GBIF",2
"Coenonia","Protozoa","Bacteria","GBIF",2
"Coleospora","Fungi","Protozoa","GBIF",2
"Curvularia","Plantae","Fungi","GBIF",2
"Cyathus","Protozoa","Fungi","GBIF",2
"Dermatophilus","Animalia","Bacteria","GBIF",2
"Dietzia","Animalia","Bacteria","GBIF",2
"Embolus","Protozoa","Fungi","GBIF",2
"Emmonsia","Animalia","Fungi","GBIF",2
"Escherichia","Plantae","Bacteria","GBIF",2
"Frondicola","Fungi","Bacteria","MycoBank",2
"Gardnerella","Animalia","Bacteria","GBIF",2
"Goodfellowia","Animalia","Bacteria","GBIF",2
"Gordonia","Animalia","Bacteria","GBIF",2
"Halococcus","Animalia","Archaea","GBIF",2
"Johnsonella","Animalia","Bacteria","GBIF",2
"Lawsonia","Animalia","Bacteria","GBIF",2
"Longispora","Fungi","Bacteria","MycoBank",2
"Markus","Animalia","Bacteria","GBIF",2
"Mastigonema","Fungi","Bacteria","GBIF",2
"Plasmodium","Fungi","Chromista","MycoBank",2
"Pseudospirillum","Fungi","Bacteria","MycoBank",2
"Rexia","Fungi","Bacteria","GBIF",2
"Robinsoniella","Animalia","Bacteria","GBIF",2
"Robinsoniella","Chromista","Bacteria","GBIF",2
"Sarcocystis","Fungi","Chromista","MycoBank",2
"Serratia","Animalia","Bacteria","GBIF",2
"Sinococcus","Animalia","Bacteria","GBIF",2
"Tetrasphaera","Chromista","Bacteria","GBIF",2
"Truncatella","Animalia","Fungi","GBIF",2
"Vibrio","Animalia","Bacteria","GBIF",2
"Vibrio","Chromista","Bacteria","GBIF",2
"Wangiella","Chromista","Fungi","GBIF",2
"Yania","Animalia","Bacteria","GBIF",2
"Amphitrite","Animalia","Fungi","GBIF",1
"Angularia","Protozoa","Fungi","GBIF",1
"Asanoa","Animalia","Bacteria","GBIF",1
"Bacterium","Archaea","Bacteria","GBIF",1
"Barnesiella","Protozoa","Bacteria","GBIF",1
"Bowdenia","Animalia","Bacteria","GBIF",1
"Brachymonas","Protozoa","Bacteria","GBIF",1
"Catinella","Fungi","Bacteria","GBIF",1
"Clathrus","Protozoa","Fungi","GBIF",1
"Copromonas","Protozoa","Bacteria","GBIF",1
"Cyanospira","Protozoa","Bacteria","GBIF",1
"Dichothrix","Fungi","Bacteria","GBIF",1
"Diplonema","Bacteria","Protozoa","GBIF",1
"Diplotheca","Protozoa","Fungi","GBIF",1
"Edwardsiella","Chromista","Bacteria","GBIF",1
"Epilithia","Fungi","Bacteria","GBIF",1
"Erionema","Fungi","Protozoa","GBIF",1
"Ewingella","Animalia","Bacteria","GBIF",1
"Ewingella","Chromista","Bacteria","GBIF",1
"Halocella","Chromista","Bacteria","GBIF",1
"Hamiltonella","Animalia","Bacteria","GBIF",1
"Holzapfelia","Animalia","Bacteria","GBIF",1
"Hymenobolus","Protozoa","Fungi","GBIF",1
"Isaria","Protozoa","Fungi","GBIF",1
"Klebsiella","Protozoa","Bacteria","GBIF",1
"Levinea","Chromista","Bacteria","GBIF",1
"Macrococcus","Animalia","Bacteria","GBIF",1
"Megasphaera","Protozoa","Bacteria","GBIF",1
"Microcystis","Protozoa","Bacteria","GBIF",1
"Nephridiophaga","Protozoa","Fungi","GBIF",1
"Nicolia","Animalia","Bacteria","GBIF",1
"Nidularia","Protozoa","Fungi","GBIF",1
"Oryctospora","Protozoa","Fungi","GBIF",1
"Oscillaria","Chromista","Bacteria","GBIF",1
"Ostracoderma","Protozoa","Fungi","GBIF",1
"Paludicola","Animalia","Bacteria","GBIF",1
"Parmulina","Protozoa","Fungi","GBIF",1
"Peziza","Protozoa","Fungi","GBIF",1
"Pirella","Fungi","Bacteria","GBIF",1
"Polystigma","Protozoa","Fungi","GBIF",1
"Puccinia","Protozoa","Fungi","GBIF",1
"Ramularia","Plantae","Fungi","GBIF",1
"Rhizomonas","Protozoa","Bacteria","GBIF",1
"Rosaria","Fungi","Bacteria","GBIF",1
"Rothia","Chromista","Bacteria","GBIF",1
"Salmonella","Animalia","Bacteria","GBIF",1
"Sphaerella","Protozoa","Fungi","GBIF",1
"Stigonema","Fungi","Bacteria","GBIF",1
"Streptomyces","Fungi","Bacteria","GBIF",1
"Synchytrium","Chromista","Fungi","GBIF",1
"Tetrasphaera","Animalia","Bacteria","GBIF",1
"Thermus","Archaea","Bacteria","GBIF",1
"Tremella","Protozoa","Fungi","GBIF",1
"Trichodesmium","Fungi","Bacteria","GBIF",1
"Trichophyton","Bacteria","Fungi","GBIF",1
"Trichurus","Animalia","Fungi","GBIF",1
"Tubercularia","Bacteria","Fungi","GBIF",1
"Vibrio","Protozoa","Bacteria","GBIF",1
"Zimmermanniella","Protozoa","Fungi","GBIF",1
