"id","identifier","kept","made_synonym","decided_by"
"mycobank","847655","Blastobotrys nigripullensis","Blastobotrys nigropullescens","name in a current source"
"mycobank","105981","Candida pilmaiquenensis","Candida pilmaiquensis","name in a current source"
"mycobank","846887","Malbranchea phuphaphetensis","Malbranchea phupapetchensis","name in a current source"
"gbif","11156766","Actinosynnema coeruleofusca","Actinosynnema coeruleofuscum","alphabetical order, NEEDS REVIEW"
"gbif","11169921","Actinosynnema violaceirubra","Actinosynnema violaceirubrum","alphabetical order, NEEDS REVIEW"
"gbif","7770492","Candida duobushaemulonii","Candida duobushaemulonis","alphabetical order, NEEDS REVIEW"
"gbif","2599612","Candida haemulonii","Candida haemulonis","alphabetical order, NEEDS REVIEW"
"gbif","11161512","Draconibacterium luteum","Draconibacterium luteus","alphabetical order, NEEDS REVIEW"
"gbif","8390658","Fusarium pirinum","Fusarium pyrinum","alphabetical order, NEEDS REVIEW"
"gbif","11211206","Hydrogenivirga aeolica","Hydrogenivirga aeolicus","alphabetical order, NEEDS REVIEW"
"gbif","11170829","Lacrimispora indica","Lacrimispora indicum","spelling known to LPSN"
"gbif","11115661","Lacunisphaera lenta","Lacunisphaera lentus","alphabetical order, NEEDS REVIEW"
"gbif","11185499","Oceanihabitans iliipiscaria","Oceanihabitans iliipiscarium","alphabetical order, NEEDS REVIEW"
"gbif","11152527","Phaeospirillum magnetica","Phaeospirillum magneticum","alphabetical order, NEEDS REVIEW"
"gbif","7720033","Microseira wollei wollei","Plectonema wollei wollei","alphabetical order, NEEDS REVIEW"
"gbif","11118026","Robertmurraya methanolica","Robertmurraya methanolicus","alphabetical order, NEEDS REVIEW"
"gbif","11139138","Solimicrobium aquatica","Solimicrobium aquaticum","spelling known to LPSN"
"gbif","11135051","Solirubrum oligotrophum","Solirubrum oligotrophus","alphabetical order, NEEDS REVIEW"
"gbif","11145268","Sphingomicrobium rhizophila","Sphingomicrobium rhizophilum","alphabetical order, NEEDS REVIEW"
"gbif","439",,,"other domain or rank, identifier removed from: Strongylida"
