"fullname","domain","phylum","class","order","family","source","status","family_old"
"Aciculoconidium","Fungi","Ascomycota","Pichiomycetes","Serinales","Debaryomycetaceae","MycoBank","accepted","Metschnikowiaceae"
"Acremoniella","Fungi","Ascomycota","","","","MycoBank","accepted",
"Acremonites","Fungi","Fossil Fungi","","","","MycoBank","accepted",
"Acremonium","Fungi","Ascomycota","Sordariomycetes","Hypocreales","Bionectriaceae","MycoBank","accepted",""
"Actonia","Fungi","","","","","MycoBank","accepted",
"Allonema","Fungi","Ascomycota","","","","MycoBank","accepted",
"Amphitrichum","Fungi","Ascomycota","Ascomycetes","","","MycoBank","accepted",
"Aphidomyces","Fungi","Ascomycota","Saccharomycetes","Saccharomycetales","","MycoBank","accepted",
"Arthrobotrys","Fungi","Ascomycota","Orbiliomycetes","Orbiliales","Arthrobotryaceae","MycoBank","accepted","Orbiliaceae"
"Babjeviella","Fungi","Ascomycota","Pichiomycetes","Serinales","","MycoBank","accepted","Debaryomycetaceae"
"Bachmanniomyces","Fungi","Ascomycota","","","","MycoBank","accepted",
"Barnettozyma","Fungi","Ascomycota","Saccharomycetes","Phaffomycetales","Phaffomycetaceae","MycoBank","accepted","Wickerhamomycetaceae"
"Batkoa","Fungi","Entomophthoromycota","Entomophthoromycetes","Entomophthorales","Batkoaceae","MycoBank","accepted","Entomophthoraceae"
"Beejadwaya","Fungi","Ascomycota","","","","MycoBank","accepted",
"Beniowskia","Fungi","Ascomycota","","","","MycoBank","accepted",
"Bitunicostilbe","Fungi","Ascomycota","","","","MycoBank","accepted",
"Blastodendrion","Fungi","Ascomycota","Saccharomycetes","Saccharomycetales","","MycoBank","accepted",
"Blennoria","Fungi","Ascomycota","","","","MycoBank","accepted",
"Botryodiplodia","Fungi","Ascomycota","Sordariomycetes","Diaporthales","","MycoBank","accepted",
"Brucella","Bacteria","Pseudomonadota","Alphaproteobacteria","Hyphomicrobiales","Bartonellaceae","LPSN","accepted","Brucellaceae"
"Caeruleomyces","Fungi","Basidiomycota","Agaricomycetes","Hymenochaetales","","GBIF","accepted",
"Capillaria","Animalia","Nematoda","Enoplea","Trichinellida","Capillariidae","GBIF","accepted","Lycoperdaceae"
"Capillidium","Fungi","Entomophthoromycota","Entomophthoromycetes","Entomophthorales","Capillidiaceae","MycoBank","accepted","Ancylistaceae"
"Ceuthospora","Fungi","Ascomycota","Leotiomycetes","Phacidiales","Phacidiaceae","MycoBank","accepted","Pleosporaceae"
"Charonectria","Fungi","Ascomycota","Sordariomycetes","Xylariales","Hyponectriaceae","MycoBank","accepted","Bionectriaceae"
"Chlamydosporiella","Fungi","Ascomycota","Sordariomycetes","Trichosphaeriales","Trichosphaeriaceae","MycoBank","accepted","Plectosphaerellaceae"
"Chlorocillium","Fungi","Ascomycota","Sordariomycetes","Hypocreales","","MycoBank","accepted",
"Circinella","Fungi","Mucoromycota","Mucoromycetes","Mucorales","Lichtheimiaceae","MycoBank","accepted","Syncephalastraceae"
"Citeromyces","Fungi","Ascomycota","Pichiomycetes","Pichiales","Pichiaceae","MycoBank","accepted","Saccharomycetaceae"
"Civisubramaniania","Fungi","Ascomycota","","","","MycoBank","accepted",
"Cladographium","Fungi","Ascomycota","","","","MycoBank","accepted",
"Cleistophoma","Fungi","Ascomycota","","","","MycoBank","accepted",
"Conferva","Fungi","","","","","MycoBank","accepted",
"Coremiella","Fungi","Ascomycota","","","","MycoBank","accepted",
"Curvibasidium","Fungi","Basidiomycota","Microbotryomycetes","Curvibasidiales","","MycoBank","accepted",
"Cytospora","Fungi","Ascomycota","Sordariomycetes","Diaporthales","Cytosporaceae","MycoBank","accepted","Valsaceae"
"Dactylaria","Fungi","Ascomycota","Leotiomycetes","Helotiales","","MycoBank","accepted",
"Danielozyma","Fungi","Ascomycota","Pichiomycetes","Serinales","Debaryomycetaceae","MycoBank","accepted","Metschnikowiaceae"
"Debaryomyces","Fungi","Ascomycota","Pichiomycetes","Serinales","Debaryomycetaceae","MycoBank","accepted","Saccharomycetaceae"
"Dekkera","Fungi","Ascomycota","Pichiomycetes","Pichiales","Pichiaceae","MycoBank","accepted","Saccharomycetaceae"
"Dematium","Fungi","Ascomycota","Dothideomycetes","Pleosporales","","MycoBank","accepted",
"Denticularia","Fungi","Ascomycota","","","","MycoBank","accepted",
"Dicoccum","Fungi","Ascomycota","","","","MycoBank","accepted",
"Digitopodium","Fungi","Ascomycota","Eurotiomycetes","Chaetothyriales","Herpotrichiellaceae","MycoBank","accepted",""
"Diploplenodomus","Fungi","Ascomycota","","","","MycoBank","accepted",
"Discomyces","Fungi","","","","","MycoBank","accepted",
"Disporotrichum","Fungi","Basidiomycota","Agaricomycetes","Agaricales","","MycoBank","accepted",
"Ductifera","Fungi","Basidiomycota","Agaricomycetes","Auriculariales","","GBIF","accepted",
"Emericella","Fungi","Ascomycota","Eurotiomycetes","Eurotiales","Trichocomaceae","MycoBank","accepted","Aspergillaceae"
"Eutorula","Fungi","Ascomycota","Saccharomycetes","Saccharomycetales","","MycoBank","accepted",
"Fenollaria","Bacteria","Bacillota","Clostridia","Eubacteriales","","LPSN","accepted",""
"Foveostroma","Fungi","Ascomycota","","","","MycoBank","accepted",
"Fumago","Fungi","Ascomycota","","","","MycoBank","accepted",
"Geohypha","Fungi","Ascomycota","Ascomycetes","","","MycoBank","accepted",
"Gerulajacta","Fungi","Ascomycota","","","","MycoBank","accepted",
"Gibellulopsis","Fungi","Ascomycota","Sordariomycetes","Trichosphaeriales","Trichosphaeriaceae","MycoBank","accepted","Plectosphaerellaceae"
"Graphiothecium","Fungi","Ascomycota","","","","MycoBank","accepted",
"Haptospora","Fungi","Ascomycota","Sordariomycetes","Hypocreales","","MycoBank","accepted",
"Hasegawazyma","Fungi","Basidiomycota","Cystobasidiomycetes","Erythrobasidiales","","MycoBank","accepted",
"Helhonia","Fungi","Ascomycota","","","","MycoBank","accepted",
"Helotium","Fungi","Ascomycota","Leotiomycetes","Helotiales","Helotiaceae","MycoBank","accepted","Tricladiaceae"
"Hemicyphe","Fungi","","","","","MycoBank","accepted",
"Hendersoniopsis","Fungi","Ascomycota","Sordariomycetes","Diaporthales","","MycoBank","accepted",
"Hendersonula","Fungi","Ascomycota","Dothideomycetes","Botryosphaeriales","","MycoBank","accepted",""
"Heterophaeomoniella","Fungi","Ascomycota","Eurotiomycetes","Phaeomoniellales","","MycoBank","accepted",""
"Hydropisphaera","Fungi","Ascomycota","Sordariomycetes","Hypocreales","Bionectriaceae","MycoBank","accepted","Nectriaceae"
"Hymenella","Fungi","Ascomycota","","","","MycoBank","accepted",
"Hymenobia","Fungi","Ascomycota","Dothideomycetes","Pleosporales","","MycoBank","accepted",
"Hymenula","Fungi","Ascomycota","","","","GBIF","accepted",
"Hyphelia","Fungi","Ascomycota","Sordariomycetes","Hypocreales","","MycoBank","accepted",
"Hypospila","Fungi","Ascomycota","Ascomycetes","","","MycoBank","accepted",
"Ijuhya","Fungi","Ascomycota","Sordariomycetes","Hypocreales","Ijuhyaceae","MycoBank","accepted","Bionectriaceae"
"Inapertisporites","Fungi","Fossil Fungi","","","","MycoBank","accepted",
"Indiella","Fungi","Ascomycota","Sordariomycetes","Sordariales","","MycoBank","accepted",
"Infrafungus","Fungi","Ascomycota","","","","MycoBank","accepted",
"Kabatana","Fungi","Chytridiopsidomycota","Microsporea","","","GBIF","accepted",""
"Komagataella","Fungi","Ascomycota","Pichiomycetes","Pichiales","Pichiaceae","MycoBank","accepted","Saccharomycetaceae"
"Kregervanrija","Fungi","Ascomycota","Pichiomycetes","Pichiales","Pichiaceae","MycoBank","accepted","Saccharomycetaceae"
"Kuraishia","Fungi","Ascomycota","Pichiomycetes","Pichiales","Pichiaceae","MycoBank","accepted","Saccharomycetaceae"
"Kurtzmaniella","Fungi","Ascomycota","Pichiomycetes","Serinales","Debaryomycetaceae","MycoBank","accepted","Saccharomycetaceae"
"Lacazia","Fungi","Ascomycota","Eurotiomycetes","Onygenales","Ajellomycetaceae","MycoBank","accepted",""
"Laribacter","Bacteria","Pseudomonadota","Betaproteobacteria","Neisseriales","Aquaspirillaceae","LPSN","accepted","Chromobacteriaceae"
"Lasiadelphia","Fungi","Ascomycota","Sordariomycetes","Sordariales","","MycoBank","accepted",
"Leptothyrium","Fungi","Ascomycota","Dothideomycetes","Pleosporales","","GBIF","accepted",""
"Limtongozyma","Fungi","Ascomycota","Saccharomycetes","Saccharomycetales","","GBIF","accepted",
"Linospora","Fungi","Ascomycota","Sordariomycetes","Diaporthales","Valsaceae","MycoBank","accepted","Gnomoniaceae"
"Madurella","Fungi","Ascomycota","Sordariomycetes","Sordariales","Chaetomiaceae","MycoBank","accepted",""
"Malassezia","Fungi","Basidiomycota","Malasseziomycetes","Malasseziales","Malasseziaceae","MycoBank","accepted",""
"Marssonina","Fungi","Ascomycota","Leotiomycetes","Helotiales","Dermateaceae","MycoBank","accepted","Drepanopezizaceae"
"Martiniozyma","Fungi","Ascomycota","Pichiomycetes","Pichiales","Pichiaceae","MycoBank","accepted","Saccharomycetaceae"
"Microdiscus","Fungi","Ascomycota","Leotiomycetes","Helotiales","","GBIF","accepted",
"Microsporidium","Fungi","Chytridiopsidomycota","Microsporea","","","GBIF","accepted",""
"Microvirgula","Bacteria","Pseudomonadota","Betaproteobacteria","Neisseriales","Aquaspirillaceae","LPSN","accepted","Chromobacteriaceae"
"Monosporium","Fungi","Ascomycota","","","","MycoBank","accepted",
"Mrakiella","Fungi","Basidiomycota","Tremellomycetes","Cystofilobasidiales","","MycoBank","accepted",
"Mucorites","Fungi","Fossil Fungi","","","","MycoBank","accepted",
"Mycocentrospora","Fungi","Ascomycota","Dothideomycetes","Pleosporales","Dothidotthiaceae","MycoBank","accepted",""
"Mycoderma","Fungi","Ascomycota","","","","MycoBank","accepted",
"Mycogloea","Fungi","Basidiomycota","Spiculogloeomycetes","Spiculogloeales","Spiculogloeaceae","MycoBank","accepted","Chionosphaeraceae"
"Mycotorula","Fungi","Ascomycota","Saccharomycetes","Saccharomycetales","","MycoBank","accepted",
"Mystrosporium","Fungi","Ascomycota","","","","MycoBank","accepted",
"Myxarium","Fungi","Basidiomycota","Agaricomycetes","Auriculariales","Exidiaceae","MycoBank","accepted","Hyaloriaceae"
"Nakazawaea","Fungi","Ascomycota","Pichiomycetes","Alaninales","Pachysolenaceae","MycoBank","accepted","Pichiaceae"
"Naumovia","Fungi","Ascomycota","Dothideomycetes","","","MycoBank","accepted",
"Necator","Animalia","Nematoda","Chromadorea","Rhabditida","Ancylostomatidae","GBIF","accepted","Corticiaceae"
"Nematogonum","Fungi","Ascomycota","","","","MycoBank","accepted",
"Nematographium","Fungi","Ascomycota","","","","MycoBank","accepted",
"Neophaeococcomyces","Fungi","Ascomycota","Eurotiomycetes","Chaetothyriales","Pyrenotrichaceae","MycoBank","accepted",""
"Neophoma","Fungi","Ascomycota","","","","MycoBank","accepted",
"Neosartorya","Fungi","Ascomycota","Eurotiomycetes","Eurotiales","Trichocomaceae","MycoBank","accepted","Aspergillaceae"
"Neta","Fungi","Ascomycota","","","","MycoBank","accepted",
"Niallia","Bacteria","Bacillota","Bacilli","Caryophanales","Cytobacillaceae","LPSN","accepted","Bacillaceae"
"Oberwinklerozyma","Fungi","Basidiomycota","Microbotryomycetes","","","MycoBank","accepted",
"Ochrobactrum","Bacteria","Pseudomonadota","Alphaproteobacteria","Hyphomicrobiales","Bartonellaceae","LPSN","accepted","Brucellaceae"
"Ogataea","Fungi","Ascomycota","Pichiomycetes","Pichiales","Pichiaceae","MycoBank","accepted","Saccharomycetaceae"
"Oosporidium","Fungi","Ascomycota","Saccharomycetes","","","MycoBank","accepted",
"Otthia","Fungi","Ascomycota","Dothideomycetes","Dothideales","","MycoBank","accepted",
"Pachysolen","Fungi","Ascomycota","Pichiomycetes","Alaninales","Pachysolenaceae","MycoBank","accepted","Saccharomycetaceae"
"Papilionospora","Fungi","Ascomycota","","","","MycoBank","accepted",
"Paradiscula","Fungi","Ascomycota","","","","MycoBank","accepted",
"Parapericoniella","Fungi","Ascomycota","","","","MycoBank","accepted",
"Parastenella","Fungi","Ascomycota","","","","MycoBank","accepted",
"Pediculus","Animalia","Arthropoda","Collembola","Poduromorpha","Onychiuridae","GBIF","accepted","Pediculidae"
"Peterozyma","Fungi","Ascomycota","Pichiomycetes","Alaninales","Pachysolenaceae","MycoBank","accepted","Debaryomycetaceae"
"Phaeostilbella","Fungi","Ascomycota","Sordariomycetes","Hypocreales","","MycoBank","accepted",
"Phaffia","Fungi","Basidiomycota","Tremellomycetes","Cystofilobasidiales","Cystofilobasidiaceae","MycoBank","accepted","Mrakiaceae"
"Phaffomyces","Fungi","Ascomycota","Saccharomycetes","Phaffomycetales","Phaffomycetaceae","MycoBank","accepted","Saccharomycetaceae"
"Phoma","Fungi","Ascomycota","Dothideomycetes","Pleosporales","Didymellaceae","MycoBank","accepted",""
"Pirostoma","Fungi","Ascomycota","","","","MycoBank","accepted",
"Pityrosporum","Fungi","Basidiomycota","Malasseziomycetes","Malasseziales","Malasseziaceae","MycoBank","accepted",""
"Pluricellaesporites","Fungi","Fossil Fungi","","","","MycoBank","accepted",
"Polyscytalum","Fungi","Ascomycota","Sordariomycetes","Xylariales","","MycoBank","accepted",""
"Pseudoasperisporium","Fungi","Ascomycota","Ascomycetes","","","MycoBank","accepted",
"Pseudogeomyces","Fungi","Ascomycota","Leotiomycetes","Thelebolales","","MycoBank","accepted",
"Pseudographiella","Fungi","Ascomycota","","","","MycoBank","accepted",
"Pseudohyphozyma","Fungi","Basidiomycota","Microbotryomycetes","","","MycoBank","accepted",
"Pseudomicrostroma","Fungi","Basidiomycota","Exobasidiomycetes","Microstromatales","","GBIF","accepted",""
"Pseudomycoderma","Fungi","Ascomycota","Saccharomycetes","Saccharomycetales","","MycoBank","accepted",
"Pseudophoma","Fungi","Ascomycota","","","","MycoBank","accepted",
"Pseudosaccharomyces","Fungi","Ascomycota","","","","MycoBank","accepted",
"Ptychogaster","Fungi","Basidiomycota","Agaricomycetes","Polyporales","Postiaceae","MycoBank","accepted","Dacryobolaceae"
"Pycnis","Fungi","Ascomycota","","","","MycoBank","accepted",
"Pyrenochaetopsis","Fungi","Ascomycota","Dothideomycetes","Pleosporales","Pyrenochaetopsidaceae","MycoBank","accepted","Cucurbitariaceae"
"Resinicium","Fungi","Basidiomycota","Agaricomycetes","Hymenochaetales","Resiniciaceae","MycoBank","accepted","Rickenellaceae"
"Rhinocladium","Fungi","Ascomycota","","","","MycoBank","accepted",
"Rhodesia","Fungi","Ascomycota","Leotiomycetes","Helotiales","","MycoBank","accepted",
"Rugonectria","Fungi","Ascomycota","Sordariomycetes","Hypocreales","","MycoBank","accepted",
"Sacidium","Fungi","Mucoromycota","Mucoromycetes","Mucorales","","MycoBank","accepted",
"Saezia","Bacteria","Pseudomonadota","Betaproteobacteria","Burkholderiales","Saeziaceae","LPSN","accepted",""
"Sagrahamala","Fungi","Ascomycota","","","","MycoBank","accepted",
"Sampaiozyma","Fungi","Basidiomycota","Microbotryomycetes","Leucosporidiales","","MycoBank","accepted",
"Sappinia","Protozoa","Amoebozoa","Discosea","","","GBIF","accepted","Stenamoebidae"
"Saturnispora","Fungi","Ascomycota","Pichiomycetes","Pichiales","Pichiaceae","MycoBank","accepted","Saccharomycetaceae"
"Schwanniomyces","Fungi","Ascomycota","Pichiomycetes","Serinales","Debaryomycetaceae","MycoBank","accepted","Saccharomycetaceae"
"Sclerococcum","Fungi","Ascomycota","Eurotiomycetes","Sclerococcales","Dactylosporaceae","MycoBank","accepted","Sclerococcaceae"
"Scopularia","Fungi","Ascomycota","","","","GBIF","accepted",
"Scytalidium","Fungi","Ascomycota","Leotiomycetes","Helotiales","Helotiaceae","MycoBank","accepted",""
"Septogloeum","Fungi","Ascomycota","","","","MycoBank","accepted",
"Septosporium","Fungi","Ascomycota","","","","MycoBank","accepted",
"Slooffia","Fungi","Basidiomycota","Microbotryomycetes","Heterogastridiales","","MycoBank","accepted",
"Spathaspora","Fungi","Ascomycota","Pichiomycetes","Serinales","Debaryomycetaceae","MycoBank","accepted","Saccharomycetaceae"
"Spencerozyma","Fungi","Basidiomycota","Microbotryomycetes","","","MycoBank","accepted",
"Spicaria","Fungi","Ascomycota","","","","MycoBank","accepted",
"Spiropes","Fungi","Ascomycota","Sordariomycetes","Meliolales","","MycoBank","accepted",
"Sporidesmium","Fungi","Ascomycota","Sordariomycetes","Sporidesmiales","Sporidesmiaceae","MycoBank","accepted",""
"Sporocybe","Fungi","Ascomycota","Dothideomycetes","Pleosporales","","MycoBank","accepted",""
"Stilbella","Fungi","Ascomycota","Sordariomycetes","Hypocreales","","MycoBank","accepted",""
"Stypella","Fungi","Basidiomycota","Tremellomycetes","Tremellales","Hyaloriaceae","GBIF","accepted","Exidiaceae"
"Syngamus","Animalia","Nematoda","Chromadorea","Rhabditida","Syngamidae","GBIF","accepted","Strongylidae"
"Syringospora","Fungi","Ascomycota","Saccharomycetes","Saccharomycetales","","MycoBank","accepted",
"Thekopsora","Fungi","Basidiomycota","Pucciniomycetes","Pucciniales","Coleosporiaceae","MycoBank","accepted","Pucciniastraceae"
"Torulopsis","Fungi","Ascomycota","Saccharomycetes","Saccharomycetales","","MycoBank","accepted",""
"Trechispora","Fungi","Basidiomycota","Agaricomycetes","Trechisporales","Hydnodontaceae","MycoBank","accepted","Sistotremataceae"
"Trichoconis","Fungi","Ascomycota","","","","MycoBank","accepted",
"Trichosporiella","Fungi","Ascomycota","Leotiomycetes","Helotiales","","MycoBank","accepted",
"Trigonosporomyces","Fungi","Basidiomycota","Microbotryomycetes","","","MycoBank","accepted",
"Triposporium","Fungi","Ascomycota","Dothideomycetes","Asterinales","","MycoBank","accepted",
"Tritirachium","Fungi","Basidiomycota","Tritirachiomycetes","Tritirachiales","Tritirachiaceae","MycoBank","accepted",""
"Tubercularia","Fungi","Ascomycota","Sordariomycetes","Hypocreales","Nectriaceae","MycoBank","accepted",""
"Virgatospora","Fungi","Ascomycota","","","","MycoBank","accepted",
"Vonarxula","Fungi","Basidiomycota","Microbotryomycetes","","","MycoBank","accepted",
"Vouauxiomyces","Fungi","Ascomycota","Dothideomycetes","Pleosporales","","MycoBank","accepted",""
"Wickerhamia","Fungi","Ascomycota","Pichiomycetes","Serinales","Debaryomycetaceae","MycoBank","accepted","Saccharomycodaceae"
"Xenophoma","Fungi","Ascomycota","Dothideomycetes","Pleosporales","Phaeosphaeriaceae","MycoBank","accepted",""
"Yarrowia","Fungi","Ascomycota","Dipodascomycetes","Dipodascales","Dipodascaceae","MycoBank","accepted",""
"Yunzhangia","Fungi","Basidiomycota","Microbotryomycetes","","","MycoBank","accepted",
"Zelopaecilomyces","Fungi","Ascomycota","Sordariomycetes","Hypocreales","","MycoBank","accepted",
"Zymonema","Fungi","Ascomycota","","","","MycoBank","accepted",
