"mo","fullname","reason","decided_by","date"
"P_ANGLR_VRDL","Angularia viridula","a more recent release has its name in another domain (Fungi), which may be the same organism in a new classification or another organism, and it could not be restored","taxonomy build (automatic, name in another domain in a more recent release), NEEDS REVIEW","2026-10-05"
"P_CMPNL","Campanulospora","a more recent release has its name in another domain (Fungi), which may be the same organism in a new classification or another organism, and it could not be restored","taxonomy build (automatic, name in another domain in a more recent release), NEEDS REVIEW","2026-10-05"
"P_CMPNL_DNTC","Campanulospora denticulata","a more recent release has its name in another domain (Fungi), which may be the same organism in a new classification or another organism, and it could not be restored","taxonomy build (automatic, name in another domain in a more recent release), NEEDS REVIEW","2026-10-05"
"P_CDSPR","Caudospora","a more recent release has its name in another domain (Fungi), which may be the same organism in a new classification or another organism, and it could not be restored","taxonomy build (automatic, name in another domain in a more recent release), NEEDS REVIEW","2026-10-05"
"P_CDSPR_ALSK","Caudospora alaskensis","a more recent release has its name in another domain (Fungi), which may be the same organism in a new classification or another organism, and it could not be restored","taxonomy build (automatic, name in another domain in a more recent release), NEEDS REVIEW","2026-10-05"
"P_CDSPR_BRVD","Caudospora brevidauda","a more recent release has its name in another domain (Fungi), which may be the same organism in a new classification or another organism, and it could not be restored","taxonomy build (automatic, name in another domain in a more recent release), NEEDS REVIEW","2026-10-05"
"P_CDSPR_NASI","Caudospora nasiae","a more recent release has its name in another domain (Fungi), which may be the same organism in a new classification or another organism, and it could not be restored","taxonomy build (automatic, name in another domain in a more recent release), NEEDS REVIEW","2026-10-05"
"P_CDSPR_PLST","Caudospora palustris","a more recent release has its name in another domain (Fungi), which may be the same organism in a new classification or another organism, and it could not be restored","taxonomy build (automatic, name in another domain in a more recent release), NEEDS REVIEW","2026-10-05"
"P_CDSPR_PNNS","Caudospora pennsylvanica","a more recent release has its name in another domain (Fungi), which may be the same organism in a new classification or another organism, and it could not be restored","taxonomy build (automatic, name in another domain in a more recent release), NEEDS REVIEW","2026-10-05"
"P_CDSPR_PLYM","Caudospora polymorpha","a more recent release has its name in another domain (Fungi), which may be the same organism in a new classification or another organism, and it could not be restored","taxonomy build (automatic, name in another domain in a more recent release), NEEDS REVIEW","2026-10-05"
"P_CDSPR_SIML","Caudospora simulii","a more recent release has its name in another domain (Fungi), which may be the same organism in a new classification or another organism, and it could not be restored","taxonomy build (automatic, name in another domain in a more recent release), NEEDS REVIEW","2026-10-05"
"P_CLYPL","Clypeolina","a more recent release has its name in another domain (Fungi), which may be the same organism in a new classification or another organism, and it could not be restored","taxonomy build (automatic, name in another domain in a more recent release), NEEDS REVIEW","2026-10-05"
"P_CLYPL_MRGN","Clypeolina marginata","a more recent release has its name in another domain (Fungi), which may be the same organism in a new classification or another organism, and it could not be restored","taxonomy build (automatic, name in another domain in a more recent release), NEEDS REVIEW","2026-10-05"
"P_NPHRD_MADR","Nephridiophaga maderae","a more recent release has its name in another domain (Fungi), which may be the same organism in a new classification or another organism, and it could not be restored","taxonomy build (automatic, name in another domain in a more recent release), NEEDS REVIEW","2026-10-05"
"P_OCTSPR_EFFM","Octospora effeminans","a more recent release has its name in another domain (Fungi), which may be the same organism in a new classification or another organism, and it could not be restored","taxonomy build (automatic, name in another domain in a more recent release), NEEDS REVIEW","2026-10-05"
"P_SDSCS","Schizodiscus","a more recent release has its name in another domain (Fungi), which may be the same organism in a new classification or another organism, and it could not be restored","taxonomy build (automatic, name in another domain in a more recent release), NEEDS REVIEW","2026-10-05"
"P_SDSCS_JPNC","Schizodiscus japonicus","a more recent release has its name in another domain (Fungi), which may be the same organism in a new classification or another organism, and it could not be restored","taxonomy build (automatic, name in another domain in a more recent release), NEEDS REVIEW","2026-10-05"
