"domain","rank","status","n"
"Fungi","species","unknown",3811
"Protozoa","species","accepted",3701
"Bacteria","species","accepted",1400
"Fungi","genus","unknown",977
"Protozoa","species","synonym",977
"Fungi","genus","accepted",851
"Protozoa","genus","accepted",752
"Protozoa","subspecies","synonym",748
"Protozoa","subspecies","accepted",488
"Bacteria","genus","unknown",436
"Fungi","family","accepted",214
"Protozoa","family","accepted",193
"Bacteria","family","accepted",185
"Protozoa","genus","synonym",116
"Bacteria","family","unknown",92
"Bacteria","species","synonym",74
"Fungi","order","accepted",62
"Protozoa","species","unknown",61
"Protozoa","genus","unknown",55
"Bacteria","order","unknown",52
"Fungi","genus","synonym",52
"Bacteria","order","accepted",50
"Protozoa","order","accepted",48
"Fungi","species","accepted",34
"Bacteria","class","unknown",33
"Protozoa","class","accepted",26
"Fungi","class","accepted",21
"Bacteria","phylum","unknown",17
"Bacteria","class","accepted",16
"Fungi","family","synonym",16
"Fungi","species","synonym",11
"Protozoa","family","unknown",9
"Chromista","species","accepted",7
"Protozoa","family","synonym",7
"Protozoa","phylum","accepted",6
"Animalia","family","accepted",5
"Fungi","phylum","accepted",4
"Animalia","order","accepted",3
"Archaea","family","accepted",3
"Bacteria","phylum","accepted",3
"Fungi","subspecies","synonym",3
"Animalia","class","accepted",2
"Animalia","phylum","accepted",2
"Archaea","order","accepted",2
"Archaea","phylum","accepted",2
"Fungi","family","unknown",2
"Animalia","species","accepted",1
"Archaea","kingdom","accepted",1
"Bacteria","genus","accepted",1
"Bacteria","kingdom","accepted",1
"Chromista","family","accepted",1
"Protozoa","order","synonym",1
