"mo","fullname","status","source","prevalence"
"F_ABSID_ALTN","Absidia altaini","synonym","GBIF",1.25
"F_ABSID_SCCR","Absidia saccardoi","synonym","GBIF",1.25
"B_ACDVR_RBRL","Acidovorax rubrilineans","synonym","GBIF",1.5
"B_ACNTB_BERZN","Acinetobacter berezinae","synonym","GBIF",1
"F_ACRMN_ATRR","Acremonium aterrima","synonym","GBIF",1.25
"F_ACRMN_RRMM","Acremonium aterrimum","synonym","GBIF",1.25
"F_ACRMN_BRNN","Acremonium baarnensis","synonym","GBIF",1.25
"F_ACRMN_BLLG","Acremonium ballagii","synonym","GBIF",1.25
"F_ACRMN_CPHL","Acremonium cephalosporioides","synonym","GBIF",1.25
"F_ACRMN_CNVL","Acremonium convoluta","synonym","GBIF",1.25
"F_ACRMN_CRMD","Acremonium coremioides","synonym","GBIF",1.25
"F_ACRMN_DCHRM","Acremonium dichromospora","synonym","GBIF",1.25
"F_ACRMN_ECHH","Acremonium eichhorniae","synonym","GBIF",1.25
"F_ACRMN_ELAT","Acremonium elata","synonym","GBIF",1.25
"F_ACRMN_FELN","Acremonium felina","synonym","GBIF",1.25
"F_ACRMN_FICI","Acremonium fici","synonym","GBIF",1.25
"F_ACRMN_HYLNL","Acremonium hyalinula","synonym","GBIF",1.25
"F_ACRMN_MLRM","Acremonium malorum","synonym","GBIF",1.25
"F_ACRMN_MLLE","Acremonium meliolae","synonym","GBIF",1.25
"F_ACRMN_FRMS","Acremonium moriformis","synonym","GBIF",1.25
"F_ACRMN_PRSC","Acremonium persicinus","synonym","GBIF",1.25
"F_ACRMN_PSDZY","Acremonium pseudozeylanica","synonym","GBIF",1.25
"F_ACRMN_ROSL","Acremonium roseola","synonym","GBIF",1.25
"F_ACRMN_RSLS","Acremonium roseolus","synonym","GBIF",1.25
"F_ACRMN_PNSS","Acremonium spinosus","synonym","GBIF",1.25
"B_AGGRG_PRPH","Aggregatibacter paraphrophilus","synonym","GBIF",1.15
"F_ALTRN_CDTM","Alternaria caudatum","synonym","GBIF",1.25
"F_ALTRN_CAVR","Alternaria cavarae","synonym","GBIF",1.25
"F_ALTRN_PCTM","Alternaria compactum","synonym","GBIF",1.25
"F_ALTRN_TRCM","Alternaria concentricum","synonym","GBIF",1.25
"F_ALTRN_GSTM","Alternaria congestum","synonym","GBIF",1.25
"F_ALTRN_DACNM","Alternaria daucinum","synonym","GBIF",1.25
"F_ALTRN_ERYNG","Alternaria eryngianum","synonym","GBIF",1.25
"F_ALTRN_XTSM","Alternaria exitiosum","synonym","GBIF",1.25
"F_ALTRN_XTSS","Alternaria exitiosus","synonym","GBIF",1.25
"F_ALTRN_FSCCL","Alternaria fasciculatum","synonym","GBIF",1.25
"F_ALTRN_RGNM","Alternaria florigenum","synonym","GBIF",1.25
"F_ALTRN_NLSM","Alternaria granulosum","synonym","GBIF",1.25
"F_ALTRN_RCLM","Alternaria herculeum","synonym","GBIF",1.25
"F_ALTRN_HTRSC","Alternaria heteroschemon","synonym","GBIF",1.25
"F_ALTRN_SPDM","Alternaria hispidum","synonym","GBIF",1.25
"F_ALTRN_ILCS","Alternaria ilicis","synonym","GBIF",1.25
"F_ALTRN_LEPD","Alternaria lepidii","synonym","GBIF",1.25
"F_ALTRN_MAJR","Alternaria major","synonym","GBIF",1.25
"F_ALTRN_MLDV","Alternaria moldavica","synonym","GBIF",1.25
"F_ALTRN_LVCM","Alternaria olivaceum","synonym","GBIF",1.25
"F_ALTRN_ONNI","Alternaria onnii","synonym","GBIF",1.25
"F_ALTRN_ODMNS","Alternaria oudemansia","synonym","GBIF",1.25
"F_ALTRN_PPCR","Alternaria papaceracea","synonym","GBIF",1.25
"F_ALTRN_PPVRC","Alternaria papaveracea","synonym","GBIF",1.25
"F_ALTRN_PHCM","Alternaria phaeocomoides","synonym","GBIF",1.25
"F_ALTRN_TCTA","Alternaria photosticta","synonym","GBIF",1.25
"F_ALTRN_PLRSP","Alternaria pluriseptatum","synonym","GBIF",1.25
"F_ALTRN_SARP","Alternaria sauropi","synonym","GBIF",1.25
"F_ALTRN_SCPH","Alternaria scophulariae","synonym","GBIF",1.25
"F_ALTRN_TLLST","Alternaria telluster","synonym","GBIF",1.25
"F_ALTRN_TNSSM","Alternaria tenuissimum","synonym","GBIF",1.25
"B_ANRCC_MSSL","Anaerococcus massiliensis","synonym","GBIF",1.5
"B_ANRST_HDRM","Anaerostipes hadrum","synonym","GBIF",1.5
"B_ANPLS_EQUI","Anaplasma equi","synonym","GBIF",1.5
"AN_ANSKS_BCLR","Anisakis bicolor","synonym","GBIF",1.25
"AN_ANSKS_DIMD","Anisakis diomedeae","synonym","GBIF",1.25
"AN_ANSKS_MRNM","Anisakis marinum","synonym","GBIF",1.25
"F_ADRMA_GYPS","Arthroderma gypsea","synonym","GBIF",1.25
"F_ADRMA_YPSS","Arthroderma gypseus","synonym","GBIF",1.25
"F_ASPRG_ACRS","Aspergillus acristata","synonym","GBIF",1
"F_ASPRG_ANCP","Aspergillus anceps","synonym","GBIF",1
"F_ASPRG_ATHEC","Aspergillus athecia","synonym","GBIF",1
"F_ASPRG_THCM","Aspergillus athecium","synonym","GBIF",1
"F_ASPRG_CHLMY","Aspergillus chlamydospora","synonym","GBIF",1
"F_ASPRG_CTRSP","Aspergillus citrispora","synonym","GBIF",1
"F_ASPRG_CRLLG","Aspergillus corolligena","synonym","GBIF",1
"F_ASPRG_DNTT","Aspergillus dentata","synonym","GBIF",1
"F_ASPRG_DSCPH","Aspergillus discophora","synonym","GBIF",1
"F_ASPRG_ECHNL","Aspergillus echinulata","synonym","GBIF",1
"F_ASPRG_NLTM","Aspergillus echinulatum","synonym","GBIF",1
"F_ASPRG_LFRA","Aspergillus filifera","synonym","GBIF",1
"F_ASPRG_FSCF","Aspergillus fuscoflavum","synonym","GBIF",1
"F_ASPRG_LUPP","Aspergillus luppii","synonym","GBIF",1
"F_ASPRG_LUTE","Aspergillus lutea","synonym","GBIF",1
"F_ASPRG_MINS","Aspergillus minus","synonym","GBIF",1
"F_ASPRG_NVGLC","Aspergillus niveoglaucum","synonym","GBIF",1
"F_ASPRG_PRVTH","Aspergillus parvathecia","synonym","GBIF",1
"F_ASPRG_CHRI","Aspergillus pseudofischeri","synonym","GBIF",1
"F_ASPRG_LNTA","Aspergillus pulverulenta","synonym","GBIF",1
"F_ASPRG_QDRCN","Aspergillus quadricincta","synonym","GBIF",1
"F_ASPRG_QRCN","Aspergillus quercina","synonym","GBIF",1
"F_ASPRG_SLNR","Aspergillus salinarus","synonym","GBIF",1
"F_ASPRG_SPINLS","Aspergillus spinulosa","synonym","GBIF",1
"F_ASPRG_STRMN","Aspergillus stramenia","synonym","GBIF",1
"F_ASPRG_SUBLT","Aspergillus sublata","synonym","GBIF",1
"F_ASPRG_SBLVS","Aspergillus sublevispora","synonym","GBIF",1
"F_ASPRG_TNTN","Aspergillus tunetana","synonym","GBIF",1
"F_ASPRG_UMBRS","Aspergillus umbrosum","synonym","GBIF",1
"F_ASPRG_USTA","Aspergillus usta","synonym","GBIF",1
"B_ATPBM_RVLS","Atopobium parvulus","synonym","GBIF",1.5
"F_ARBSD_FUSC","Aureobasidium fusca","synonym","GBIF",1.25
"F_ARBSD_HORD","Aureobasidium hordei","synonym","GBIF",1.25
"F_ARBSD_MLCL","Aureobasidium malicola","synonym","GBIF",1.25
"F_ARBSD_MTNG","Aureobasidium metaniger","synonym","GBIF",1.25
"F_ARBSD_MCRST","Aureobasidium microsticta","synonym","GBIF",1.25
"F_ARBSD_NIGR","Aureobasidium niger","synonym","GBIF",1.25
"F_ARBSD_NGRA","Aureobasidium nigra","synonym","GBIF",1.25
"F_ARBSD_PHRD","Aureobasidium phoradendri","synonym","GBIF",1.25
"F_ARBSD_SCHN","Aureobasidium schoenii","synonym","GBIF",1.25
"B_BCLLS_RGSS","Bacillus rugosus","synonym","GBIF",1.5
"B_BCLLS_TQLNS","Bacillus tequilaensis","synonym","GBIF",1.5
"B_BCTRD_CACMR","Bacteroides caecimuri","synonym","GBIF",1.5
"B_BRTNL_MSTM","Bartonella mastomydis","synonym","GBIF",1.15
"F_BEAVR_RNRM","Beauveria arenarium","synonym","GBIF",1.25
"F_BEAVR_DNSM","Beauveria densum","synonym","GBIF",1.25
"F_BEAVR_FLNM","Beauveria felinum","synonym","GBIF",1.25
"F_BEAVR_LFRM","Beauveria globuliferum","synonym","GBIF",1.25
"F_BEAVR_KOGN","Beauveria kogane","synonym","GBIF",1.25
"F_BEAVR_LRVT","Beauveria larvatum","synonym","GBIF",1.25
"F_BEAVR_LRVC","Beauveria larvicola","synonym","GBIF",1.25
"F_BEAVR_PRNNS","Beauveria paranaense","synonym","GBIF",1.25
"F_BPLRS_ACRT","Bipolaris acrothecioides","synonym","GBIF",1.25
"F_BPLRS_CLFR","Bipolaris californica","synonym","GBIF",1.25
"F_BPLRS_RNCM","Bipolaris californicum","synonym","GBIF",1.25
"F_BPLRS_CRBN","Bipolaris carbonum","synonym","GBIF",1.25
"F_BPLRS_LLDM","Bipolaris flagelloideum","synonym","GBIF",1.25
"F_BPLRS_MCRC","Bipolaris macrocarpum","synonym","GBIF",1.25
"F_BPLRS_MYBN","Bipolaris miyabeanus","synonym","GBIF",1.25
"F_BPLRS_STVM","Bipolaris sativum","synonym","GBIF",1.25
"F_BPLRS_STVS","Bipolaris sativus","synonym","GBIF",1.25
"F_BPLRS_SRGH","Bipolaris sorghi","synonym","GBIF",1.25
"B_BLAUT_MRSM","Blautia marasmi","synonym","GBIF",1.5
"B_BRRLL_TURD","Borreliella turdi","accepted","GBIF",1.5
"B_BRVBC_GLCT","Brevibacillus galactophilus","synonym","GBIF",1.15
"B_BRKHL_ANTM","Burkholderia antimicrobica","synonym","GBIF",1.5
"B_BRKHL_RMSS","Burkholderia reimsis","synonym","GBIF",1.5
"B_BCMNS_VGNL","Butyricimonas vaginalis","synonym","GBIF",1.5
"F_CANDD_ACTN","Candida actoni","synonym","GBIF",1
"F_CANDD_AEGY","Candida aegyptiaca","synonym","GBIF",1
"F_CANDD_LBUM","Candida album","synonym","GBIF",1
"F_CANDD_ALBS","Candida albus","synonym","GBIF",1
"F_CANDD_ALVR","Candida alvarezsotoi","synonym","GBIF",1
"F_CANDD_APPN","Candida appendiculare","synonym","GBIF",1
"F_CANDD_NTNA","Candida argentina","synonym","GBIF",1
"F_CANDD_ARTH","Candida arthurii","synonym","GBIF",1
"F_CANDD_ASHF","Candida ashfordii","synonym","GBIF",1
"F_CANDD_NTCM","Candida atlanticum","synonym","GBIF",1
"F_CANDD_BTHL","Candida bethaliense","synonym","GBIF",1
"F_CANDD_BRNCH","Candida bronchiale","synonym","GBIF",1
"F_CANDD_BCCL","Candida buccale","synonym","GBIF",1
"F_CANDD_CCLS","Candida buccalis","synonym","GBIF",1
"F_CANDD_BRGS","Candida burgessii","synonym","GBIF",1
"F_CANDD_CBRL","Candida cabralensis","synonym","MycoBank",1
"F_CANDD_RNCS","Candida californicus","synonym","GBIF",1
"F_CANDD_CNDD","Candida candida","synonym","GBIF",1
"F_CANDD_NDDM","Candida candidum","synonym","GBIF",1
"F_CANDD_NDDS","Candida candidus","synonym","GBIF",1
"F_CANDD_CANS","Candida canis","synonym","GBIF",1
"F_CANDD_CLLB","Candida cellobiovorus","synonym","GBIF",1
"F_CANDD_CLRD","Candida colardii","synonym","GBIF",1
"F_CANDD_CLLCL","Candida colliculosus","synonym","GBIF",1
"F_CANDD_CPLL","Candida copellii","synonym","GBIF",1
"F_CANDD_CRUZ","Candida cruzii","synonym","GBIF",1
"F_CANDD_CUTN","Candida cutanea","synonym","GBIF",1
"F_CANDD_CTNM","Candida cutaneum","synonym","GBIF",1
"F_CANDD_DCLR","Candida decolorans","synonym","GBIF",1
"F_CANDD_DRMT","Candida dermatensis","synonym","GBIF",1
"F_CANDD_SDSM","Candida desidiosum","synonym","GBIF",1
"F_CANDD_DMRP","Candida dimorpha","synonym","GBIF",1
"F_CANDD_EGYP","Candida egyptiaca","synonym","GBIF",1
"F_CANDD_TRCM","Candida entericum","synonym","GBIF",1
"F_CANDD_TRCS","Candida entericus","synonym","GBIF",1
"F_CANDD_EPDR","Candida epidermica","synonym","GBIF",1
"F_CANDD_ERCT","Candida erectum","synonym","GBIF",1
"F_CANDD_FCLS","Candida faecalis","synonym","GBIF",1
"F_CANDD_FICC","Candida fioccoi","synonym","GBIF",1
"F_CANDD_GFNS","Candida gifuense","synonym","GBIF",1
"F_CANDD_FNSS","Candida gifuensis","synonym","GBIF",1
"F_CANDD_GRCL","Candida gracile","synonym","GBIF",1
"F_CANDD_GRBY","Candida grubyi","synonym","GBIF",1
"F_CANDD_GRTZ","Candida gruetzii","synonym","GBIF",1
"F_CANDD_HRTR","Candida harteri","synonym","GBIF",1
"F_CANDD_HSGW","Candida hasegawae","synonym","GBIF",1
"F_CANDD_INXR","Candida inexorabilis","synonym","GBIF",1
"F_CANDD_SLTM","Candida insolitum","synonym","GBIF",1
"F_CANDD_SLTS","Candida insolitus","synonym","GBIF",1
"F_CANDD_INTRD","Candida interdigitalis","synonym","GBIF",1
"F_CANDD_RMDM","Candida intermedium","synonym","GBIF",1
"F_CANDD_RMDS","Candida intermedius","synonym","GBIF",1
"F_CANDD_INTS","Candida intestinale","synonym","GBIF",1
"F_CANDD_IRRT","Candida irritans","synonym","GBIF",1
"F_CANDD_ISSV","Candida issavi","synonym","GBIF",1
"F_CANDD_KYNG","Candida kayongosi","synonym","GBIF",1
"F_CANDD_LRYN","Candida laryngitidis","synonym","GBIF",1
"F_CANDD_LNGP","Candida linguae-pilosae","synonym","GBIF",1
"F_CANDD_MNNT","Candida mannitofermentans","synonym","GBIF",1
"F_CANDD_RTMM","Candida maritimum","synonym","GBIF",1
"F_CANDD_MTTL","Candida mattletii","synonym","GBIF",1
"F_CANDD_MTLN","Candida metalondinense","synonym","GBIF",1
"F_CANDD_MTTR","Candida metatropicalis","synonym","GBIF",1
"F_CANDD_MTSC","Candida metschnikoffii","synonym","GBIF",1
"F_CANDD_MSAL","Candida miso-alpha","synonym","GBIF",1
"F_CANDD_MLRD","Candida molardii","synonym","GBIF",1
"F_CANDD_MRMN","Candida murmanica","synonym","GBIF",1
"F_CANDD_NBRR","Candida nabarroi","synonym","GBIF",1
"F_CANDD_NGRN","Candida negronii","synonym","GBIF",1
"F_CANDD_NIVM","Candida niveum","synonym","GBIF",1
"F_CANDD_NIVS","Candida niveus","synonym","GBIF",1
"F_CANDD_NRWG","Candida norwegica","synonym","GBIF",1
"F_CANDD_ONYC","Candida onychophila","synonym","GBIF",1
"F_CANDD_OSPR","Candida oosporoides","synonym","GBIF",1
"F_CANDD_PRPSL","Candida parapsilopsis","synonym","GBIF",1
"F_CANDD_PRTRP","Candida paratropicale","synonym","GBIF",1
"F_CANDD_PRNG","Candida periunguealis","synonym","GBIF",1
"F_CANDD_PRRY","Candida perryi","synonym","GBIF",1
"F_CANDD_PTRP","Candida petrophilus","synonym","GBIF",1
"F_CANDD_PLMR","Candida pleomorphus","synonym","GBIF",1
"F_CANDD_PSDLB","Candida pseudoalbicans","synonym","GBIF",1
"F_CANDD_PSDLN","Candida pseudolondinensis","synonym","GBIF",1
"F_CANDD_DNDS","Candida pseudolondinoides","synonym","GBIF",1
"F_CANDD_PSDM","Candida pseudometalondinensis","synonym","GBIF",1
"F_CANDD_PSLS","Candida psilose","synonym","GBIF",1
"F_CANDD_PLMN","Candida pulmonale","synonym","GBIF",1
"F_CANDD_RCHM","Candida richmondii","synonym","GBIF",1
"F_CANDD_ROBN","Candida robinii","synonym","GBIF",1
"F_CANDD_SKTT","Candida skutetzkyi","synonym","GBIF",1
"F_CANDD_SRNV","Candida srinivasii","synonym","GBIF",1
"F_CANDD_TALC","Candida talicei","synonym","GBIF",1
"F_CANDD_TNSL","Candida tonsillae","synonym","GBIF",1
"F_CANDD_LLRM","Candida tonsillarum","synonym","GBIF",1
"F_CANDD_TRMR","Candida trimorpha","synonym","GBIF",1
"F_CANDD_TMFA","Candida tumefaciens-alba","synonym","GBIF",1
"F_CANDD_SLBM","Candida tumefaciens-album","synonym","GBIF",1
"F_CANDD_SLBS","Candida tumefaciens-albus","synonym","GBIF",1
"F_CANDD_UNGS","Candida unguis","synonym","GBIF",1
"F_CANDD_UNGM","Candida unguium","synonym","GBIF",1
"F_CANDD_NGUS","Candida unguius","synonym","GBIF",1
"F_CANDD_UVAE","Candida uvae","synonym","GBIF",1
"F_CANDD_VGNL","Candida vaginalis","synonym","GBIF",1
"F_CANDD_VRTC","Candida verticillata","synonym","GBIF",1
"F_CANDD_LLTS","Candida verticillatus","synonym","GBIF",1
"F_CANDD_VESC","Candida vesica","synonym","GBIF",1
"F_CANDD_VSCM","Candida vesicum","synonym","GBIF",1
"F_CANDD_VOSS","Candida vossii","synonym","GBIF",1
"F_CANDD_VLLM","Candida vuilleminii","synonym","GBIF",1
"F_CPLLR_NLTS","Capillaria annulatus","synonym","GBIF",1.25
"F_CPLLR_ARND","Capillaria arundinis","accepted","GBIF",1.25
"F_CPLLR_BRST","Capillaria bursata","accepted","GBIF",1.25
"F_CPLLR_CPLL","Capillaria capillaris","synonym","GBIF",1.25
"F_CPLLR_TRTS","Capillaria contortus","synonym","GBIF",1.25
"F_CPLLR_FDNG","Capillaria fudingensis","accepted","GBIF",1.25
"F_CPLLR_LEGR","Capillaria legerae","accepted","GBIF",1.25
"F_CPLLR_LPDP","Capillaria lepidopodis","accepted","GBIF",1.25
"F_CPLLR_PETT","Capillaria petiti","accepted","GBIF",1.25
"F_CPLLR_SPEC","Capillaria spec","accepted","GBIF",1.25
"F_CPLLR_WRWC","Capillaria warwickensis","synonym","GBIF",1.25
"B_CLLLSM_CART","Cellulosimicrobium cartae","synonym","GBIF",1.5
"B_CLLLSM_FRMN","Cellulosimicrobium fermentans","synonym","GBIF",1.5
"B_CLLLSM_LYTC","Cellulosimicrobium lyticum","synonym","GBIF",1.5
"B_CLLLSM_XNTH","Cellulosimicrobium xanthineolytica","synonym","GBIF",1.5
"F_CHTMM_AGRC","Chaetomium agricola","synonym","GBIF",1.25
"F_CHTMM_ALBG","Chaetomium albogriseum","synonym","GBIF",1.25
"F_CHTMM_ANGPL","Chaetomium anguipilia","synonym","GBIF",1.25
"F_CHTMM_CLFR","Chaetomium californica","synonym","GBIF",1.25
"F_CHTMM_CRST","Chaetomium cristalliferum","synonym","GBIF",1.25
"F_CHTMM_DSCS","Chaetomium discospora","synonym","GBIF",1.25
"F_CHTMM_FSSP","Chaetomium fusispora","synonym","GBIF",1.25
"F_CHTMM_MGSP","Chaetomium megaspora","synonym","GBIF",1.25
"F_CHTMM_PLFR","Chaetomium piuliferum","synonym","GBIF",1.25
"F_CHTMM_SCPL","Chaetomium scopula","synonym","GBIF",1.25
"F_CHTMM_TRGN","Chaetomium trigonospora","synonym","GBIF",1.25
"B_CTRBC_MLNT","Citrobacter malonatica","synonym","GBIF",1
"F_CLDPH_TRCH","Cladophialophora trichoides","synonym","GBIF",1.25
"F_CLDSP_ABRN","Cladosporium abroniae","synonym","GBIF",1.25
"F_CLDSP_MFLE","Cladosporium elymifoliae","synonym","GBIF",1.25
"F_CLDSP_ERPH","Cladosporium eriophila","synonym","GBIF",1.25
"F_CLDSP_FLXS","Cladosporium flexuosum","synonym","GBIF",1.25
"F_CLDSP_GRNC","Cladosporium goiranicum","synonym","GBIF",1.25
"F_CLDSP_HMCL","Cladosporium humicola","synonym","GBIF",1.25
"F_CLDSP_LBRN","Cladosporium laburni","synonym","GBIF",1.25
"F_CLDSP_MCRS","Cladosporium macrospora","synonym","GBIF",1.25
"F_CLDSP_MLPH","Cladosporium melophthorum","synonym","GBIF",1.25
"F_CLDSP_VLGR","Cladosporium vulgare","synonym","GBIF",1.25
"F_CLVSP_CRMS","Clavispora carmosousae","synonym","GBIF",1.25
"F_CLVSP_MUSA","Clavispora musae","synonym","GBIF",1.25
"B_CTRDM_ATTH","Clostridium autoethanogenum","synonym","GBIF",1.5
"B_CTRDM_LPTS","Clostridium leptospartum","synonym","GBIF",1.5
"B_CTRDM_PLYND","Clostridium polyendosporus","synonym","GBIF",1.5
"F_CNDBL_IGNB","Conidiobolus ignobilis","synonym","GBIF",1.25
"F_CNDBL_OBSCR","Conidiobolus obscura","synonym","GBIF",1.25
"F_CNDBL_PMLM","Conidiobolus pumilum","synonym","GBIF",1.25
"F_CNDBL_THXT","Conidiobolus thaxteriana","synonym","GBIF",1.25
"F_CNDBL_VRLN","Conidiobolus virulenta","synonym","GBIF",1.25
"F_CNCHT_FLCL","Coniochaeta foliicola","synonym","GBIF",1.25
"F_CNCHT_FRIS","Coniochaeta friesii","synonym","GBIF",1.25
"F_CNCHT_GRFF","Coniochaeta griffithsii","synonym","GBIF",1.25
"F_CNCHT_PLTY","Coniochaeta platyspora","synonym","GBIF",1.25
"F_CNCHT_SBSM","Coniochaeta subsimilis","synonym","GBIF",1.25
"AN_CNTRC_AQLL","Contracaecum aquillae","synonym","GBIF",1.25
"AN_CNTRC_FLCG","Contracaecum falcigera","synonym","GBIF",1.25
"AN_CNTRC_HYDR","Contracaecum hydrurgae","synonym","GBIF",1.25
"AN_CNTRC_PEDM","Contracaecum pedum","synonym","GBIF",1.25
"AN_CNTRC_SPCLG","Contracaecum spiculigera","synonym","GBIF",1.25
"AN_CNTRC_SQUL","Contracaecum squalii","synonym","GBIF",1.25
"AN_CRDYL_LVNG","Cordylobia livingstonii","synonym","GBIF",1.25
"B_CRYNB_CRNT","Corynebacterium crenatum","synonym","GBIF",1.5
"B_CRYNB_DVRC","Corynebacterium divaricatum","synonym","GBIF",1.5
"B_CRYNB_PLYM","Corynebacterium polymorphus","synonym","GBIF",1.5
"B_CRYNB_SGMN","Corynebacterium segmentosum","synonym","GBIF",1.15
"F_CRYPT_ACRS","Cryptococcus aceris","accepted","GBIF",1
"F_CRYPT_ARCH","Cryptococcus arachnophila","synonym","GBIF",1
"F_CRYPT_AURE","Cryptococcus aurea","synonym","GBIF",1
"F_CRYPT_BCLLS","Cryptococcus bacillispora","synonym","GBIF",1
"F_CRYPT_BLNC","Cryptococcus blanchardi","synonym","GBIF",1
"F_CRYPT_HRDI","Cryptococcus blanchardii","synonym","GBIF",1
"F_CRYPT_CANS","Cryptococcus canis","synonym","GBIF",1
"F_CRYPT_FGSG","Cryptococcus fagisuga","accepted","GBIF",1
"F_CRYPT_HSTL","Cryptococcus histolytica","synonym","GBIF",1
"F_CRYPT_INTG","Cryptococcus integricornis","accepted","GBIF",1
"F_CRYPT_LCTTV","Cryptococcus lactativora","synonym","GBIF",1
"F_CRYPT_NGRC","Cryptococcus nigricans","synonym","MycoBank",1
"F_CRYPT_NDTS","Cryptococcus nudatus","accepted","GBIF",1
"F_CRYPT_ULMI","Cryptococcus ulmi","accepted","GBIF",1
"F_CRYPT_WLLM","Cryptococcus williamsi","accepted","GBIF",1
"F_CNNNG_PNCM","Cunninghamella japonicum","synonym","GBIF",1.25
"F_CNNNG_PNCS","Cunninghamella japonicus","synonym","GBIF",1.25
"B_CPRVD_ETRP","Cupriavidus eutropha","synonym","GBIF",1.5
"B_CPRVD_RPHS","Cupriavidus eutrophus","synonym","GBIF",1.5
"B_CRTBC_BETA","Curtobacterium betae","synonym","GBIF",1.5
"B_CRTBC_OORT","Curtobacterium oortii","synonym","GBIF",1.5
"F_CRVLR_CLLS","Curvularia callospermum","synonym","GBIF",1.25
"F_CRVLR_HFFM","Curvularia hoffmannii","synonym","GBIF",1.25
"F_CRVLR_LCST","Curvularia leucostyla","synonym","GBIF",1.25
"F_CRVLR_TYLM","Curvularia leucostylum","synonym","GBIF",1.25
"F_CRVLR_NSKD","Curvularia nisikadoi","synonym","GBIF",1.25
"F_CRVLR_DLSM","Curvularia nodulosum","synonym","GBIF",1.25
"F_CRVLR_DLSS","Curvularia nodulosus","synonym","GBIF",1.25
"F_CRVLR_SCTM","Curvularia sociatum","synonym","GBIF",1.25
"F_CRVLR_SPCFR","Curvularia spicifer","synonym","GBIF",1.25
"F_CRVLR_BLTM","Curvularia subulatum","synonym","GBIF",1.25
"F_CRVLR_SDNNS","Curvularia sudanense","synonym","GBIF",1.25
"F_CRVLR_RMRM","Curvularia tetramerum","synonym","GBIF",1.25
"F_CRVLR_TNKN","Curvularia tonkinense","synonym","GBIF",1.25
"B_CTBCTR_HMRS","Cutibacterium humerusii","synonym","GBIF",1.25
"F_CYBRL_BLRC","Cyberlindnera balearica","synonym","GBIF",1.25
"F_CYBRL_BJRN","Cyberlindnera beijerinckii","synonym","GBIF",1.25
"F_CYBRL_CPRP","Cyberlindnera coprophila","synonym","GBIF",1.25
"F_CYBRL_PLMQ","Cyberlindnera pilmaiquenensis","synonym","GBIF",1.25
"F_CYBRL_UTLS","Cyberlindnera utilis","synonym","GBIF",1.25
"B_DNCCC_XNGN","Deinococcus xianganensis","synonym","GBIF",1.5
"AN_DRMTB_CYNV","Dermatobia cyaniventris","synonym","GBIF",1.25
"AN_DRMTB_HUMNS","Dermatobia humanus","synonym","GBIF",1.25
"AN_DRMTB_NXLS","Dermatobia noxialis","synonym","GBIF",1.25
"AN_DPHYL_BRAN","Diphyllobothrium brauni","synonym","GBIF",1.25
"AN_DPHYL_FKKN","Diphyllobothrium fukuokaensis","synonym","GBIF",1.25
"AN_DPHYL_GRND","Diphyllobothrium grandis","synonym","GBIF",1.25
"AN_DPHYL_SCTT","Diphyllobothrium scotti","synonym","GBIF",1.25
"AN_DPHYL_PTRS","Diphyllobothrium tetrapterus","synonym","GBIF",1.25
"AN_DPHYL_VRBL","Diphyllobothrium variabilis","synonym","GBIF",1.25
"AN_DRFLR_CNJN","Dirofilaria conjonctivae","synonym","GBIF",1.25
"AN_DRFLR_CTVE","Dirofilaria conjunctivae","synonym","GBIF",1.25
"AN_ECHNS_LNDNN","Echinostoma londonensis","synonym","GBIF",1.25
"B_ESNBR_MSSL","Eisenbergiella massiliensis","synonym","GBIF",1.5
"B_ENTRC_MSSL","Enterococcus massiliensis","synonym","GBIF",1
"B_ERWIN_LVRS","Erwinia amylovorus","synonym","GBIF",1.5
"B_ERWIN_RHPNT","Erwinia rhapontica","synonym","GBIF",1.5
"B_ERYSPL_MRDV","Erysipelatoclostridium merdavium","accepted","GBIF",1.5
"F_EXIDI_ATRA","Exidia atra","synonym","GBIF",1.25
"F_EXIDI_FLCC","Exidia flaccida","synonym","GBIF",1.25
"F_EXIDI_GLAC","Exidia glauca","synonym","GBIF",1.25
"F_EXPHL_CLYC","Exophiala calycioides","synonym","GBIF",1.25
"F_EXPHL_ELLS","Exophiala ellisii","synonym","GBIF",1.25
"F_EXPHL_GGRT","Exophiala gougerotii","synonym","GBIF",1.25
"F_EXPHL_SCHW","Exophiala schawii","synonym","GBIF",1.25
"F_EXSRH_CRSS","Exserohilum crassiseptata","synonym","GBIF",1.25
"F_EXSRH_FNSS","Exserohilum gedarefensis","synonym","GBIF",1.25
"F_EXSRH_INCN","Exserohilum inconspicuum","synonym","GBIF",1.25
"F_EXSRH_LPTC","Exserohilum leptochloae","synonym","GBIF",1.25
"F_EXSRH_LNGRS","Exserohilum longirostrata","synonym","GBIF",1.25
"F_EXSRH_PROLT","Exserohilum prolata","synonym","GBIF",1.25
"B_FLVBC_ARNTC","Flavobacterium aurantiacus","synonym","GBIF",1.5
"B_FLRBC_ZMNI","Fluoribacter bozemanii","synonym","GBIF",1.5
"F_FONSC_ALGR","Fonsecaea algeriense","synonym","GBIF",1.25
"F_FONSC_PDRSN","Fonsecaea pedrosianum","synonym","GBIF",1.25
"F_FUSRM_AFRC","Fusarium africana","synonym","GBIF",1
"F_FUSRM_ALBID","Fusarium albida","synonym","GBIF",1
"F_FUSRM_ALBSC","Fusarium albosuccinea","synonym","GBIF",1
"F_FUSRM_AMBR","Fusarium ambrosia","synonym","GBIF",1
"F_FUSRM_ASTRM","Fusarium astromata","synonym","GBIF",1
"F_FUSRM_BCCT","Fusarium baccata","synonym","GBIF",1
"F_FUSRM_BCLLG","Fusarium bacilligera","synonym","GBIF",1
"F_FUSRM_BRVS","Fusarium brevis","synonym","GBIF",1
"F_FUSRM_CPHL","Fusarium cephalosporioides","synonym","GBIF",1
"F_FUSRM_CILT","Fusarium ciliata","synonym","GBIF",1
"F_FUSRM_CRNC","Fusarium coronicola","synonym","GBIF",1
"F_FUSRM_CTCLM","Fusarium cuticolum","synonym","GBIF",1
"F_FUSRM_CYNG","Fusarium cyanogena","synonym","GBIF",1
"F_FUSRM_CYNST","Fusarium cyanostoma","synonym","GBIF",1
"F_FUSRM_DSMZ","Fusarium desmazieresii","synonym","GBIF",1
"F_FUSRM_ZRZI","Fusarium desmazierezii","synonym","GBIF",1
"F_FUSRM_DMNT","Fusarium diminuta","synonym","GBIF",1
"F_FUSRM_FLCFR","Fusarium falciformis","synonym","GBIF",1
"F_FUSRM_GBBR","Fusarium gibbera","synonym","GBIF",1
"F_FUSRM_GRDN","Fusarium gordonii","synonym","GBIF",1
"F_FUSRM_INTR","Fusarium intricans","synonym","GBIF",1
"F_FUSRM_FRMS","Fusarium moniliformis","synonym","GBIF",1
"F_FUSRM_PRCR","Fusarium parceramosa","synonym","GBIF",1
"F_FUSRM_PTRLP","Fusarium petroliphila","synonym","GBIF",1
"F_FUSRM_PINI","Fusarium pini","synonym","GBIF",1
"F_FUSRM_PLCR","Fusarium pulicaria","synonym","GBIF",1
"F_FUSRM_LCRS","Fusarium pulicaris","synonym","GBIF",1
"F_FUSRM_ROSE","Fusarium rosea","synonym","GBIF",1
"F_FUSRM_SINC","Fusarium sinica","synonym","GBIF",1
"F_FUSRM_SBTR","Fusarium subtropica","synonym","GBIF",1
"F_FUSRM_SLFR","Fusarium sulfureum","synonym","GBIF",1
"F_FUSRM_STTN","Fusarium suttoniana","synonym","GBIF",1
"F_FUSRM_TNCR","Fusarium tenuicristata","synonym","GBIF",1
"F_FUSRM_NNSS","Fusarium tonkinensis","synonym","GBIF",1
"F_FUSRM_VSNF","Fusarium vasinfecta","synonym","GBIF",1
"F_FUSRM_VRRCS","Fusarium verrucosa","synonym","GBIF",1
"B_FSBCTR_RCTM","Fusobacterium rectum","synonym","GBIF",1.15
"F_GTRCH_CMMB","Geotrichum camemberti","synonym","GBIF",1.25
"F_GTRCH_GTRC","Geotrichum geotricha","synonym","GBIF",1.25
"F_GTRCH_RCHM","Geotrichum geotrichum","synonym","GBIF",1.25
"F_GTRCH_HUMI","Geotrichum humi","synonym","GBIF",1.25
"F_GTRCH_INLN","Geotrichum inulinum","synonym","GBIF",1.25
"F_GTRCH_LCTS","Geotrichum lactis","synonym","GBIF",1.25
"F_GTRCH_LCTB","Geotrichum lactis-butyri","synonym","GBIF",1.25
"F_GTRCH_MALI","Geotrichum mali","synonym","GBIF",1.25
"F_GTRCH_LNSS","Geotrichum matalensis","synonym","GBIF",1.25
"F_GTRCH_NBLM","Geotrichum nubilum","synonym","GBIF",1.25
"F_GTRCH_OBTS","Geotrichum obtusum","synonym","GBIF",1.25
"F_GTRCH_PYRC","Geotrichum pyricola","synonym","GBIF",1.25
"B_GORDN_AJCC","Gordonia ajococcus","synonym","GBIF",1.5
"B_GRNLC_ADJC","Granulicatella adjacens","synonym","GBIF",1.15
"F_GRPHM_ABRI","Graphium abri","accepted","GBIF",1.25
"F_GRPHM_ACHR","Graphium acheron","synonym","GBIF",1.25
"F_GRPHM_ADMS","Graphium adamastor","accepted","GBIF",1.25
"F_GRPHM_AEGS","Graphium aegisthus","synonym","GBIF",1.25
"F_GRPHM_GSTS","Graphium aegistus","unknown","manually added",1.25
"F_GRPHM_AGMD","Graphium agamedes","accepted","GBIF",1.25
"F_GRPHM_AGMM","Graphium agamemnon","accepted","GBIF",1.25
"F_GRPHM_AGTS","Graphium agetes","accepted","GBIF",1.25
"F_GRPHM_ALBS","Graphium albescens","synonym","GBIF",1.25
"F_GRPHM_LBON","Graphium alebion","accepted","GBIF",1.25
"F_GRPHM_ALMN","Graphium almansor","accepted","GBIF",1.25
"F_GRPHM_ANDR","Graphium androcles","accepted","GBIF",1.25
"F_GRPHM_ANGL","Graphium angolanus","accepted","GBIF",1.25
"F_GRPHM_ANTH","Graphium anthedon","synonym","GBIF",1.25
"F_GRPHM_ANTHS","Graphium antheus","accepted","GBIF",1.25
"F_GRPHM_ANTC","Graphium anticrates","synonym","GBIF",1.25
"F_GRPHM_ANTP","Graphium antiphates","accepted","GBIF",1.25
"F_GRPHM_ARCT","Graphium arctofasciatus","synonym","GBIF",1.25
"F_GRPHM_ARST","Graphium aristea","unknown","manually added",1.25
"F_GRPHM_STDS","Graphium aristeoides","synonym","GBIF",1.25
"F_GRPHM_ARSTS","Graphium aristeus","accepted","GBIF",1.25
"F_GRPHM_ARYC","Graphium arycles","accepted","GBIF",1.25
"F_GRPHM_ASKR","Graphium asakurae","synonym","GBIF",1.25
"F_GRPHM_ARGR","Graphium auriger","accepted","GBIF",1.25
"F_GRPHM_ARVL","Graphium aurivilliusi","accepted","GBIF",1.25
"F_GRPHM_AXIN","Graphium axion","synonym","GBIF",1.25
"F_GRPHM_BTHY","Graphium bathycles","accepted","GBIF",1.25
"F_GRPHM_BKNS","Graphium biokoensis","accepted","GBIF",1.25
"F_GRPHM_BOOL","Graphium boolae","synonym","GBIF",1.25
"F_GRPHM_BOYR","Graphium bouyeri","accepted","GBIF",1.25
"F_GRPHM_BRSD","Graphium brasidas","synonym","GBIF",1.25
"F_GRPHM_BRWN","Graphium browni","accepted","GBIF",1.25
"F_GRPHM_CRCH","Graphium carchedonius","synonym","GBIF",1.25
"F_GRPHM_CHRN","Graphium chiron","synonym","GBIF",1.25
"F_GRPHM_RNDS","Graphium chironides","accepted","GBIF",1.25
"F_GRPHM_CHRD","Graphium choredon","synonym","GBIF",1.25
"F_GRPHM_CHNG","Graphium chungianus","synonym","GBIF",1.25
"F_GRPHM_CLNT","Graphium cloanthus","accepted","GBIF",1.25
"F_GRPHM_CDRS","Graphium codrus","accepted","GBIF",1.25
"F_GRPHM_CLNN","Graphium colonna","accepted","GBIF",1.25
"F_GRPHM_CNFC","Graphium confucius","accepted","GBIF",1.25
"F_GRPHM_CYRN","Graphium cyrnus","accepted","GBIF",1.25
"F_GRPHM_DAYN","Graphium daiyuanae","accepted","GBIF",1.25
"F_GRPHM_DCLR","Graphium decolor","accepted","GBIF",1.25
"F_GRPHM_DLSS","Graphium delesserti","accepted","GBIF",1.25
"F_GRPHM_SRTI","Graphium delessertii","synonym","GBIF",1.25
"F_GRPHM_DELI","Graphium deliae","accepted","GBIF",1.25
"F_GRPHM_DSMZ","Graphium desmazieresii","accepted","GBIF",1.25
"F_GRPHM_DCLN","Graphium deucalion","accepted","GBIF",1.25
"F_GRPHM_DRCS","Graphium dorcus","accepted","GBIF",1.25
"F_GRPHM_DOSN","Graphium doson","accepted","GBIF",1.25
"F_GRPHM_EMPD","Graphium empedovana","accepted","GBIF",1.25
"F_GRPHM_ENCL","Graphium encelades","accepted","GBIF",1.25
"F_GRPHM_ENDC","Graphium endochus","accepted","GBIF",1.25
"F_GRPHM_EPMN","Graphium epaminondas","accepted","GBIF",1.25
"F_GRPHM_ESCH","Graphium escherichi","synonym","GBIF",1.25
"F_GRPHM_EPHR","Graphium euphrates","accepted","GBIF",1.25
"F_GRPHM_RTDS","Graphium euphratoides","accepted","GBIF",1.25
"F_GRPHM_EURS","Graphium eurous","accepted","GBIF",1.25
"F_GRPHM_ERYP","Graphium eurypilus","unknown","manually added",1.25
"F_GRPHM_PYLS","Graphium eurypylus","accepted","GBIF",1.25
"F_GRPHM_EVMN","Graphium evemon","accepted","GBIF",1.25
"F_GRPHM_EVMB","Graphium evombar","accepted","GBIF",1.25
"F_GRPHM_FELX","Graphium felixi","synonym","GBIF",1.25
"F_GRPHM_FRST","Graphium foersterius","synonym","GBIF",1.25
"F_GRPHM_FLLR","Graphium fulleri","accepted","GBIF",1.25
"F_GRPHM_GRHW","Graphium garhwalica","accepted","GBIF",1.25
"F_GRPHM_GELN","Graphium gelon","accepted","GBIF",1.25
"F_GRPHM_GLYC","Graphium glycerion","unknown","manually added",1.25
"F_GRPHM_GDNS","Graphium gudenusi","accepted","GBIF",1.25
"F_GRPHM_HACH","Graphium hachei","accepted","GBIF",1.25
"F_GRPHM_HCTN","Graphium hicetaon","accepted","GBIF",1.25
"F_GRPHM_HNNS","Graphium hoeneanus","accepted","GBIF",1.25
"F_GRPHM_IDDS","Graphium idaeoides","accepted","GBIF",1.25
"F_GRPHM_ILLY","Graphium illyris","accepted","GBIF",1.25
"F_GRPHM_IMPR","Graphium impar","unknown","manually added",1.25
"F_GRPHM_INCR","Graphium incertus","accepted","GBIF",1.25
"F_GRPHM_JASN","Graphium jason","unknown","manually added",1.25
"F_GRPHM_JUND","Graphium junodi","accepted","GBIF",1.25
"F_GRPHM_KIGM","Graphium kigoma","accepted","GBIF",1.25
"F_GRPHM_KRBY","Graphium kirbyi","accepted","GBIF",1.25
"F_GRPHM_KOSI","Graphium kosii","synonym","GBIF",1.25
"F_GRPHM_LDCS","Graphium laodocus","unknown","manually added",1.25
"F_GRPHM_LTRL","Graphium latreillianus","accepted","GBIF",1.25
"F_GRPHM_LECH","Graphium leechi","accepted","GBIF",1.25
"F_GRPHM_LNDS","Graphium leonidas","accepted","GBIF",1.25
"F_GRPHM_LCDN","Graphium leucadion","synonym","GBIF",1.25
"F_GRPHM_LCTH","Graphium leucothoe","unknown","manually added",1.25
"F_GRPHM_LVSS","Graphium levassori","accepted","GBIF",1.25
"F_GRPHM_LPNS","Graphium liponesco","accepted","GBIF",1.25
"F_GRPHM_MCRS","Graphium macareus","accepted","GBIF",1.25
"F_GRPHM_MCRST","Graphium macaristus","synonym","GBIF",1.25
"F_GRPHM_MCCR","Graphium maccareus","unknown","manually added",1.25
"F_GRPHM_MCFR","Graphium macfarlanei","accepted","GBIF",1.25
"F_GRPHM_MCLY","Graphium macleayanus","accepted","GBIF",1.25
"F_GRPHM_MGCS","Graphium magicus","synonym","GBIF",1.25
"F_GRPHM_MNDR","Graphium mandarinus","accepted","GBIF",1.25
"F_GRPHM_MARS","Graphium mariesii","synonym","GBIF",1.25
"F_GRPHM_MEDN","Graphium medon","synonym","GBIF",1.25
"F_GRPHM_MEEK","Graphium meeki","accepted","GBIF",1.25
"F_GRPHM_MEGR","Graphium megaera","accepted","GBIF",1.25
"F_GRPHM_MGRS","Graphium megarus","accepted","GBIF",1.25
"F_GRPHM_MLNTH","Graphium melanthus","synonym","GBIF",1.25
"F_GRPHM_MNDN","Graphium mendana","accepted","GBIF",1.25
"F_GRPHM_MEYR","Graphium meyeri","accepted","GBIF",1.25
"F_GRPHM_MILN","Graphium milon","accepted","GBIF",1.25
"F_GRPHM_MOEB","Graphium moebii","synonym","GBIF",1.25
"F_GRPHM_MNTC","Graphium monticolus","accepted","GBIF",1.25
"F_GRPHM_MORN","Graphium morania","accepted","GBIF",1.25
"F_GRPHM_MLLH","Graphium mullah","accepted","GBIF",1.25
"F_GRPHM_NBLS","Graphium nebulosus","synonym","GBIF",1.25
"F_GRPHM_NPMM","Graphium neopommerania","synonym","GBIF",1.25
"F_GRPHM_NOMS","Graphium nomius","accepted","GBIF",1.25
"F_GRPHM_OBLT","Graphium obliteratus","synonym","GBIF",1.25
"F_GRPHM_ODIN","Graphium odin","synonym","GBIF",1.25
"F_GRPHM_OLBR","Graphium olbrechtsi","accepted","GBIF",1.25
"F_GRPHM_ORNT","Graphium ornatus","synonym","GBIF",1.25
"F_GRPHM_PPHS","Graphium paphus","accepted","GBIF",1.25
"F_GRPHM_PRMT","Graphium parmatus","synonym","GBIF",1.25
"F_GRPHM_PARS","Graphium parus","accepted","GBIF",1.25
"F_GRPHM_PNCLL","Graphium penicilloides","accepted","GBIF",1.25
"F_GRPHM_PHDS","Graphium phidias","accepted","GBIF",1.25
"F_GRPHM_PHLN","Graphium philonoe","accepted","GBIF",1.25
"F_GRPHM_PGGN","Graphium poggianus","accepted","GBIF",1.25
"F_GRPHM_PLCN","Graphium policenes","accepted","GBIF",1.25
"F_GRPHM_CNDS","Graphium policenoides","accepted","GBIF",1.25
"F_GRPHM_PLST","Graphium polistratus","accepted","GBIF",1.25
"F_GRPHM_PRTH","Graphium porthaon","accepted","GBIF",1.25
"F_GRPHM_PRCL","Graphium procles","accepted","GBIF",1.25
"F_GRPHM_PYLD","Graphium pylades","unknown","manually added",1.25
"F_GRPHM_RMCS","Graphium ramaceus","accepted","GBIF",1.25
"F_GRPHM_RHSS","Graphium rhesus","accepted","GBIF",1.25
"F_GRPHM_RDLY","Graphium ridleyanus","accepted","GBIF",1.25
"F_GRPHM_SLLS","Graphium sallastius","synonym","GBIF",1.25
"F_GRPHM_SNDW","Graphium sandawanum","accepted","GBIF",1.25
"F_GRPHM_SNGN","Graphium sanganoides","synonym","GBIF",1.25
"F_GRPHM_NGNS","Graphium sanganus","synonym","GBIF",1.25
"F_GRPHM_SRPD","Graphium sarpedon","accepted","GBIF",1.25
"F_GRPHM_SCHF","Graphium schaffgotschi","accepted","GBIF",1.25
"F_GRPHM_SCHN","Graphium schoenbergianus","synonym","GBIF",1.25
"F_GRPHM_SCHB","Graphium schubotzi","accepted","GBIF",1.25
"F_GRPHM_SGNX","Graphium segonax","unknown","manually added",1.25
"F_GRPHM_SPTN","Graphium septentrionicolus","accepted","GBIF",1.25
"F_GRPHM_HNCA","Graphium sichuanica","accepted","GBIF",1.25
"F_GRPHM_SMLS","Graphium similis","synonym","GBIF",1.25
"F_GRPHM_SIMN","Graphium simoni","accepted","GBIF",1.25
"F_GRPHM_SPEC","Graphium spec","accepted","GBIF",1.25
"F_GRPHM_STRT","Graphium stratiotes","accepted","GBIF",1.25
"F_GRPHM_TCLS","Graphium stratocles","accepted","GBIF",1.25
"F_GRPHM_STRS","Graphium stresemanni","accepted","GBIF",1.25
"F_GRPHM_TRTS","Graphium striatus","synonym","GBIF",1.25
"F_GRPHM_SLNS","Graphium sulaensis","synonym","GBIF",1.25
"F_GRPHM_TBRN","Graphium taboranus","accepted","GBIF",1.25
"F_GRPHM_TMRL","Graphium tamerlanus","accepted","GBIF",1.25
"F_GRPHM_THUL","Graphium thule","accepted","GBIF",1.25
"F_GRPHM_TIMR","Graphium timur","accepted","GBIF",1.25
"F_GRPHM_TRGC","Graphium tragicus","synonym","GBIF",1.25
"F_GRPHM_TYND","Graphium tynderaeus","accepted","GBIF",1.25
"F_GRPHM_UCLG","Graphium ucalegon","accepted","GBIF",1.25
"F_GRPHM_WLLC","Graphium wallacei","accepted","GBIF",1.25
"F_GRPHM_WEBR","Graphium weberi","synonym","GBIF",1.25
"F_GRPHM_WESK","Graphium weiskei","accepted","GBIF",1.25
"F_GRPHM_WNLN","Graphium wenlingae","accepted","GBIF",1.25
"F_GRPHM_XNCL","Graphium xenocles","accepted","GBIF",1.25
"B_HAFNI_HAFN","Hafnia hafniae","synonym","GBIF",1.5
"A_HLRCL_CLFR","Haloarcula californiae","synonym","GBIF",1.25
"A_HLRCL_SNNS","Haloarcula sinaiiensis","synonym","GBIF",1.25
"A_HLCCC_FRMC","Halococcus formicarii","accepted","GBIF",1.25
"B_HALMNS_AESTA","Halomonas aesta","synonym","GBIF",1.5
"B_HALMNS_AESTS","Halomonas aestus","synonym","GBIF",1.5
"B_HALMNS_GLAC","Halomonas glaciei","accepted","GBIF",1.5
"B_HALMNS_HLMPH","Halomonas halmephilium","synonym","GBIF",1.5
"B_HALMNS_HMDS","Halomonas humidisoli","synonym","GBIF",1.5
"B_HALMNS_LNNS","Halomonas lionensis","accepted","GBIF",1.5
"B_HALMNS_MSSL","Halomonas massiliensis","accepted","GBIF",1.5
"B_HALMNS_ZHDN","Halomonas zhaodongensis","accepted","GBIF",1.5
"F_HNDRS_CLLN","Hendersonula collina","accepted","GBIF",1.25
"F_HNDRS_DTHD","Hendersonula dothidellae","synonym","GBIF",1.25
"F_HNDRS_PLNN","Hendersonula palnense","accepted","GBIF",1.25
"B_HYNDR_FRRG","Heyndrickxia farraginis","synonym","GBIF",1.5
"B_HYNDR_OBST","Heyndrickxia obstructivus","synonym","GBIF",1.5
"F_HSTPL_EQUI","Histoplasma equi","synonym","GBIF",1
"F_HSTPL_FRCM","Histoplasma farciminosa","synonym","GBIF",1
"F_HSTPL_MNSS","Histoplasma farciminosus","synonym","GBIF",1
"F_HSTPL_FRCN","Histoplasma farcinimosa","synonym","GBIF",1
"F_HSTPL_TKSH","Histoplasma tokishigei","synonym","GBIF",1
"AN_HYMNL_LPTC","Hymenolepis leptocephala","synonym","GBIF",1.25
"AN_HYMNL_TTRN","Hymenolepis tetraonis","synonym","GBIF",1.25
"F_HYPMY_AGRC","Hypomyces agaricinum","synonym","GBIF",1.25
"F_HYPMY_ALBR","Hypomyces albertinii","synonym","GBIF",1.25
"F_HYPMY_APCLT","Hypomyces apiculata","synonym","GBIF",1.25
"F_HYPMY_ARNL","Hypomyces arnoldii","synonym","GBIF",1.25
"F_HYPMY_BSLTT","Hypomyces biasolettiana","synonym","GBIF",1.25
"F_HYPMY_TTNM","Hypomyces biasolettianum","synonym","GBIF",1.25
"F_HYPMY_BMBC","Hypomyces bombacinus","synonym","GBIF",1.25
"F_HYPMY_BMBY","Hypomyces bombycina","synonym","GBIF",1.25
"F_HYPMY_YCNM","Hypomyces bombycinum","synonym","GBIF",1.25
"F_HYPMY_CRLP","Hypomyces coriolopsidicola","synonym","GBIF",1.25
"F_HYPMY_DNDR","Hypomyces dendroides","synonym","GBIF",1.25
"F_HYPMY_FLCC","Hypomyces floccosa","synonym","GBIF",1.25
"F_HYPMY_LCTR","Hypomyces lactarii","synonym","GBIF",1.25
"F_HYPMY_MCNP","Hypomyces meconopsidis","synonym","GBIF",1.25
"F_HYPMY_MINR","Hypomyces minor","synonym","GBIF",1.25
"F_HYPMY_MINS","Hypomyces minus","synonym","GBIF",1.25
"F_HYPMY_PRVSPR","Hypomyces parvispora","synonym","GBIF",1.25
"F_HYPMY_PCCN","Hypomyces puccinioides","synonym","GBIF",1.25
"F_HYPMY_RHDM","Hypomyces rhodomela","synonym","GBIF",1.25
"F_HYPMY_TRNT","Hypomyces ternatum","synonym","GBIF",1.25
"F_HYPMY_VRSP","Hypomyces variosperma","synonym","GBIF",1.25
"F_HYPMY_VRSPR","Hypomyces variospermum","synonym","GBIF",1.25
"F_HYPMY_PRMA","Hypomyces varisperma","synonym","GBIF",1.25
"F_HYPMY_VARM","Hypomyces varium","synonym","GBIF",1.25
"AN_HYSTR_ASSI","Hysterothylacium assi","synonym","GBIF",1.25
"AN_HYSTR_BNMS","Hysterothylacium benimasu","synonym","GBIF",1.25
"AN_HYSTR_CRSS","Hysterothylacium crassicaudatum","synonym","GBIF",1.25
"AN_HYSTR_ELNG","Hysterothylacium elongatum","synonym","GBIF",1.25
"AN_HYSTR_HPPG","Hysterothylacium hippoglossi","synonym","GBIF",1.25
"AN_HYSTR_HYPM","Hysterothylacium hypomesi","synonym","GBIF",1.25
"AN_HYSTR_MESP","Hysterothylacium mesopi","synonym","GBIF",1.25
"AN_HYSTR_OCHT","Hysterothylacium ochotense","synonym","GBIF",1.25
"AN_HYSTR_OSHR","Hysterothylacium oshoroensis","synonym","GBIF",1.25
"B_KSTLL_MNSQ","Kaistella manosquense","synonym","GBIF",1.5
"B_KLBSL_QSVR","Klebsiella quasivariicola","synonym","GBIF",1
"F_KLYVR_ASHB","Kluyveromyces ashbyii","synonym","GBIF",1.25
"F_KLYVR_CASE","Kluyveromyces casei","synonym","GBIF",1.25
"F_KLYVR_CVRN","Kluyveromyces cavernicola","synonym","GBIF",1.25
"F_KLYVR_FRGR","Kluyveromyces fragrans","synonym","GBIF",1.25
"F_KLYVR_KRTL","Kluyveromyces kartulisii","synonym","GBIF",1.25
"F_KLYVR_KFYR","Kluyveromyces kefyr","synonym","GBIF",1.25
"F_KLYVR_KRSS","Kluyveromyces krassilnikovii","synonym","GBIF",1.25
"F_KLYVR_CTSA","Kluyveromyces lactosa","synonym","GBIF",1.25
"F_KLYVR_MCDN","Kluyveromyces macedoniense","synonym","GBIF",1.25
"F_KLYVR_NNSS","Kluyveromyces macedoniensis","synonym","GBIF",1.25
"F_KLYVR_NSDS","Kluyveromyces macedoniensoides","synonym","GBIF",1.25
"F_KLYVR_MAZZ","Kluyveromyces mazzae","synonym","GBIF",1.25
"F_KLYVR_MRTF","Kluyveromyces mortifera","synonym","GBIF",1.25
"F_KLYVR_MCPR","Kluyveromyces muciparus","synonym","GBIF",1.25
"F_KLYVR_PHSL","Kluyveromyces phaseolospora","synonym","GBIF",1.25
"F_KLYVR_PZLS","Kluyveromyces pozolis","synonym","GBIF",1.25
"F_KLYVR_PRCR","Kluyveromyces procerum","synonym","GBIF",1.25
"F_KLYVR_PSDT","Kluyveromyces pseudotropicale","synonym","GBIF",1.25
"F_KLYVR_PCLS","Kluyveromyces pseudotropicalis","synonym","GBIF",1.25
"F_KLYVR_SOCS","Kluyveromyces sociasi","synonym","GBIF",1.25
"F_KLYVR_SPHR","Kluyveromyces sphaerica","synonym","GBIF",1.25
"F_KLYVR_HRCS","Kluyveromyces sphaericus","synonym","GBIF",1.25
"F_KLYVR_VRSC","Kluyveromyces versicolor","synonym","GBIF",1.25
"B_KOCUR_SDMN","Kocuria sediminis","synonym","GBIF",1.5
"B_LCTPL_JPNC","Lactiplantibacillus japonicus","synonym","GBIF",1.15
"B_LCTCC_SRLC","Lactococcus seriolicida","synonym","GBIF",1.5
"B_LCTCC_XYLS","Lactococcus xylosus","synonym","GBIF",1.5
"F_LCHTH_SLNS","Lichtheimia blakesleeanus","synonym","GBIF",1.25
"F_LCHTH_CRYM","Lichtheimia corymbifer","synonym","GBIF",1.25
"F_LCHTH_BFRS","Lichtheimia corymbiferus","synonym","GBIF",1.25
"F_LCHTH_CRST","Lichtheimia cristata","synonym","GBIF",1.25
"F_LCHTH_GNSN","Lichtheimia ginsan","synonym","GBIF",1.25
"F_LCHTH_GRCL","Lichtheimia gracilis","synonym","GBIF",1.25
"F_LCHTH_HSSL","Lichtheimia hesseltinei","synonym","GBIF",1.25
"F_LCHTH_HNGK","Lichtheimia hongkongensis","synonym","GBIF",1.25
"F_LCHTH_HYLN","Lichtheimia hyalinus","synonym","GBIF",1.25
"F_LCHTH_LCHT","Lichtheimia lichtheimii","synonym","GBIF",1.25
"F_LCHTH_MRDR","Lichtheimia merdaria","synonym","GBIF",1.25
"F_LCHTH_RGNR","Lichtheimia regneri","synonym","GBIF",1.25
"F_LCHTH_UCRN","Lichtheimia ucrainica","synonym","GBIF",1.25
"F_LCHTH_UMBL","Lichtheimia umbellatus","synonym","GBIF",1.25
"F_MDRLL_RCNM","Madurella americanum","synonym","GBIF",1.25
"F_MLSSZ_CANS","Malassezia canis","synonym","GBIF",1.25
"F_MLSSZ_CPLL","Malassezia capillitii","synonym","GBIF",1.25
"F_MLSSZ_MCFD","Malassezia macfadenyi","synonym","GBIF",1.25
"F_MLSSZ_MLSS","Malassezia malassez","synonym","GBIF",1.25
"F_MLSSZ_SSZI","Malassezia malassezii","synonym","GBIF",1.25
"F_MLSSZ_OVAL","Malassezia ovale","synonym","GBIF",1.25
"F_MLSSZ_PSRS","Malassezia psoriasis","synonym","GBIF",1.25
"F_MLSSZ_RHNC","Malassezia rhinocerosum","synonym","GBIF",1.25
"F_MLSSZ_SPHR","Malassezia sphaericum","synonym","GBIF",1.25
"F_MLSSZ_HRCS","Malassezia sphaericus","synonym","GBIF",1.25
"F_MLSSZ_RPCM","Malassezia tropicum","synonym","GBIF",1.25
"F_MLBRN_BFRC","Malbranchea bifurcatus","synonym","GBIF",1.25
"F_MLBRN_BRVS","Malbranchea brevisetosus","synonym","GBIF",1.25
"F_MLBRN_BRNN","Malbranchea brunneum","synonym","GBIF",1.25
"F_MLBRN_SBMB","Malbranchea subumbrinus","synonym","GBIF",1.25
"F_MLBRN_LFRM","Malbranchea sulfureum","synonym","GBIF",1.25
"F_MLBRN_SLPH","Malbranchea sulphureum","synonym","GBIF",1.25
"B_MTHYLB_PRPR","Methylobacterium purpurogena","synonym","GBIF",1.5
"B_MTHYLB_RTCS","Methylobacterium purpurogeneiscleroticus","synonym","GBIF",1.5
"F_MYRZY_ALPN","Meyerozyma alpina","synonym","GBIF",1.25
"F_MYRZY_LPNS","Meyerozyma alpinus","synonym","GBIF",1.25
"F_MYRZY_AMDV","Meyerozyma amidevorans","synonym","GBIF",1.25
"F_MYRZY_ARZT","Meyerozyma arztii","synonym","GBIF",1.25
"F_MYRZY_FKYM","Meyerozyma fukuyamaensis","synonym","GBIF",1.25
"F_MYRZY_KRAS","Meyerozyma krausii","synonym","GBIF",1.25
"F_MYRZY_LCTS","Meyerozyma lacteus","synonym","GBIF",1.25
"F_MYRZY_LCTC","Meyerozyma lacticolor","synonym","GBIF",1.25
"F_MYRZY_LSTG","Meyerozyma lustigii","synonym","GBIF",1.25
"F_MYRZY_MMLL","Meyerozyma mamillae","synonym","GBIF",1.25
"F_MYRZY_MLBS","Meyerozyma melibiosi","synonym","GBIF",1.25
"F_MYRZY_MUHR","Meyerozyma muhira","synonym","GBIF",1.25
"F_MYRZY_NEGR","Meyerozyma negrii","synonym","GBIF",1.25
"F_MYRZY_PRNN","Meyerozyma paranaensis","synonym","GBIF",1.25
"F_MYRZY_PSDG","Meyerozyma pseudoguilliermondii","synonym","GBIF",1.25
"F_MCRSP_PRTS","Microsporum depauperatus","synonym","GBIF",1.25
"F_MCRSP_FULV","Microsporum fulva","synonym","GBIF",1.25
"F_MCRSP_FLVS","Microsporum fulvus","synonym","GBIF",1.25
"F_MCRSP_GYPSE","Microsporum gypsea","synonym","GBIF",1.25
"F_MCRSP_INCRV","Microsporum incurvata","synonym","GBIF",1.25
"F_MCRSP_TARD","Microsporum tarda","synonym","GBIF",1.25
"F_MCRSP_TRDS","Microsporum tardus","synonym","GBIF",1.25
"B_MCRVRG_DSPR","Microvirgula dispar","synonym","GBIF",1.5
"F_MLLRZ_CACA","Millerozyma cacao","synonym","GBIF",1.25
"F_MLLRZ_MNSC","Millerozyma minuscula","synonym","GBIF",1.25
"F_MLLRZ_MOGI","Millerozyma mogii","synonym","GBIF",1.25
"F_MLLRZ_PTRP","Millerozyma petrophila","synonym","GBIF",1.25
"F_MLLRZ_SRBT","Millerozyma sorbitophila","synonym","GBIF",1.25
"F_MLLRZ_TKMN","Millerozyma tikumaensis","synonym","GBIF",1.25
"B_MBLNC_GRND","Mobiluncus grandis","synonym","GBIF",1.25
"B_MBLNC_VGNL","Mobiluncus vaginalis","synonym","GBIF",1.15
"B_MRGNL_AFRA","Morganella afra","accepted","GBIF",1
"B_MRGNL_ASTR","Morganella austromontana","accepted","GBIF",1
"B_MRGNL_BNJM","Morganella benjamin","synonym","GBIF",1
"B_MRGNL_JMNI","Morganella benjaminii","accepted","GBIF",1
"B_MRGNL_MXCN","Morganella mexicana","accepted","GBIF",1
"B_MRGNL_PGGR","Morganella puiggarii","accepted","GBIF",1
"B_MRGNL_RIMS","Morganella rimosa","accepted","GBIF",1
"B_MRGNL_SMNS","Morganella samoensis","accepted","GBIF",1
"B_MRGNL_STRC","Morganella stercoraria","accepted","GBIF",1
"F_MRTRL_SPRM","Mortierella chlamydosporum","synonym","GBIF",1.25
"F_MRTRL_FSCC","Mortierella fasciculatum","synonym","GBIF",1.25
"F_MRTRL_GRCL","Mortierella gracile","synonym","GBIF",1.25
"F_MRTRL_PLTT","Mortierella paolettianus","synonym","GBIF",1.25
"F_MUCOR_BRNR","Mucor bernardii","synonym","GBIF",1.25
"F_MUCOR_CLFR","Mucor californiensis","synonym","GBIF",1.25
"F_MUCOR_CRCNN","Mucor circinans","synonym","MycoBank",1.25
"F_MUCOR_DNGR","Mucor dangeardii","synonym","GBIF",1.25
"F_MUCOR_FRFR","Mucor furfuraceus","synonym","MycoBank",1.25
"F_MUCOR_GRSC","Mucor griseocinereus","synonym","GBIF",1.25
"F_MUCOR_MINM","Mucor minima","synonym","GBIF",1.25
"F_MUCOR_PHSP","Mucor phosphoreus","synonym","GBIF",1.25
"F_MUCOR_PRLL","Mucor pirelloides","synonym","MycoBank",1.25
"F_MUCOR_PLYG","Mucor polygonosporus","synonym","GBIF",1.25
"F_MUCOR_RCRA","Mucor stercorea","synonym","GBIF",1.25
"F_MUCOR_TNLL","Mucor tenella","synonym","GBIF",1.25
"F_MUCOR_VRRC","Mucor verruculosus","synonym","GBIF",1.25
"F_MUCOR_VIRDS","Mucor viridis","synonym","GBIF",1.25
"F_MUCOR_VLLM","Mucor vuilleminii","synonym","GBIF",1.25
"F_MUCOR_VLGR","Mucor vulgaris","synonym","GBIF",1.25
"B_MYCBC_ACPL","Mycobacterium acapulense","synonym","GBIF",1
"B_MYCBC_LFLN","Mycobacterium liflandii","synonym","GBIF",1
"B_MYCBC_NOVM","Mycobacterium novum","synonym","GBIF",1
"B_MYCBC_NNSS","Mycobacterium sinensis","synonym","GBIF",1
"F_MYCCN_ALNT","Mycocentrospora ailanthi","synonym","GBIF",1.25
"F_MYCCN_ANMN","Mycocentrospora anemonis","synonym","GBIF",1.25
"F_MYCCN_CLLS","Mycocentrospora callosa","synonym","GBIF",1.25
"F_MYCCN_CARI","Mycocentrospora cari","synonym","GBIF",1.25
"F_MYCCN_FLGL","Mycocentrospora flagellifera","synonym","GBIF",1.25
"F_MYCCN_MCRS","Mycocentrospora macrospora","synonym","GBIF",1.25
"F_MYCCN_OHLS","Mycocentrospora ohlsenii","synonym","GBIF",1.25
"F_MYCCN_PRLN","Mycocentrospora praelonga","synonym","GBIF",1.25
"F_MYCCN_ULMC","Mycocentrospora ulmicola","synonym","GBIF",1.25
"B_MYCPLS_WNYN","Mycoplasma wenyonii","accepted","LPSN",1.5
"B_MYCPLS_RMDS","Mycoplasma zalophidermidis","synonym","GBIF",1.5
"F_NNNZZ_JTNI","Nannizzia cajetani","synonym","GBIF",1.25
"F_NECATR_DCRT","Necator decretus","synonym","MycoBank",1.25
"F_NECATR_JVNC","Necator javanicum","synonym","GBIF",1.25
"F_NECATR_VNCS","Necator javanicus","synonym","GBIF",1.25
"F_NECATR_SLMN","Necator salmonicolor","accepted","MycoBank",1.25
"F_NECATR_ZMMR","Necator zimmermannii","synonym","GBIF",1.25
"F_NECTR_AQTC","Nectria aquaticus","synonym","GBIF",1.25
"F_NECTR_RLLM","Nectria chlorellum","synonym","GBIF",1.25
"F_NECTR_CRYN","Nectria corynespora","synonym","GBIF",1.25
"F_NECTR_FLVVR","Nectria flavoviride","synonym","GBIF",1.25
"F_NECTR_FRGF","Nectria fragiformis","synonym","GBIF",1.25
"F_NECTR_HMLS","Nectria humilis","accepted","GBIF",1.25
"F_NECTR_MCRB","Nectria macrobrachia","accepted","GBIF",1.25
"F_NECTR_SPNA","Nectria multispina","accepted","GBIF",1.25
"F_NECTR_MUNTS","Nectria munitus","synonym","GBIF",1.25
"F_NECTR_ENDE","Nectria novae-zelandiae","synonym","GBIF",1.25
"F_NECTR_OBTS","Nectria obtusiusculum","synonym","GBIF",1.25
"F_NECTR_OCLL","Nectria ocellata","accepted","GBIF",1.25
"F_NECTR_LFRA","Nectria ocellifera","accepted","GBIF",1.25
"F_NECTR_LFRS","Nectria ocelliferus","synonym","GBIF",1.25
"F_NECTR_OCLF","Nectria oculifera","synonym","GBIF",1.25
"F_NECTR_PDCLL","Nectria pedicelligera","accepted","GBIF",1.25
"F_NECTR_PRPR","Nectria purpurata","synonym","GBIF",1.25
"F_NECTR_RESN","Nectria resinae","synonym","MycoBank",1.25
"F_NECTR_SAOR","Nectria saoria","accepted","GBIF",1.25
"F_NECTR_SRMN","Nectria sarmentorum","synonym","GBIF",1.25
"F_NECTR_LPNM","Nectria vulpinum","synonym","GBIF",1.25
"F_NECTR_WLSN","Nectria wilsoni","accepted","GBIF",1.25
"B_NOCRD_VLCF","Nocardia violaceofusca","synonym","GBIF",1.15
"B_NCRDP_FLVD","Nocardiopsis flavidofuscus","synonym","GBIF",1.5
"F_OCHRC_MCRS","Ochroconis macrosporum","synonym","GBIF",1.25
"F_OCHRC_MNMM","Ochroconis minimum","synonym","GBIF",1.25
"F_OCHRC_VRBL","Ochroconis variabile","synonym","GBIF",1.25
"AN_OPSTH_CONS","Opisthorchis conus","synonym","GBIF",1.25
"AN_OPSTH_WNGR","Opisthorchis winogradoffi","synonym","GBIF",1.25
"F_PCLMY_DRMT","Paecilomyces dermatophagum","synonym","GBIF",1.25
"F_PCLMY_FMTR","Paecilomyces fimetaria","synonym","GBIF",1.25
"F_PCLMY_MNDS","Paecilomyces mandshuricum","synonym","GBIF",1.25
"F_PCLMY_PNCL","Paecilomyces penicillata","synonym","GBIF",1.25
"F_PCLMY_VNFR","Paecilomyces viniferum","synonym","GBIF",1.25
"B_PNBCL_COOKI","Paenibacillus cookie","synonym","GBIF",1.5
"B_PNCLS_GHONI","Paeniclostridium ghoni","synonym","GBIF",1.5
"B_PANTO_HRBC","Pantoea herbicola","synonym","GBIF",1.15
"B_PANTO_HERC","Pantoea hericii","synonym","GBIF",1.5
"B_PANTO_MLLT","Pantoea milletiae","synonym","GBIF",1.15
"B_PANTO_PLRT","Pantoea pleuroti","synonym","GBIF",1.15
"B_PANTO_URDV","Pantoea uredovora","synonym","GBIF",1.25
"B_PRBCT_PRVN","Parabacteroides provencensis","synonym","GBIF",1.5
"B_PRCLS_MSSL","Paraclostridium massiliensis","synonym","GBIF",1.15
"B_PRCCC_RPDC","Paracoccus rapidicrescens","synonym","GBIF",1.5
"B_PRVMN_GLYC","Parvimonas glycinophilus","synonym","GBIF",1.15
"B_PRVMN_MCRS","Parvimonas micros","synonym","GBIF",1.15
"F_PHCRM_ALNC","Phaeoacremonium alnicola","synonym","GBIF",1.25
"F_PHCRM_NVZL","Phaeoacremonium novae-zealandiae","synonym","GBIF",1.25
"F_PHCRM_PNCL","Phaeoacremonium paniculata","synonym","GBIF",1.25
"AN_PHLBT_RTNI","Phlebotomus fourtoni","synonym","GBIF",1.25
"AN_PHLBT_KRMN","Phlebotomus krimensis","synonym","GBIF",1.25
"AN_PHLBT_MNTS","Phlebotomus minutus","synonym","GBIF",1.25
"AN_PHLBT_MLST","Phlebotomus molesta","synonym","GBIF",1.25
"AN_PHLBT_NTZL","Phlebotomus nitzulescui","synonym","GBIF",1.25
"AN_PHLBT_TAUR","Phlebotomus tauriae","synonym","GBIF",1.25
"B_PHCCL_GLLN","Phocaeicola gallinaceus","accepted","GBIF",1.5
"F_PHOMA_RGLNS","Phoma astragalinus","synonym","GBIF",1.25
"F_PHOMA_BDDL","Phoma buddleiae","synonym","GBIF",1.25
"F_PHOMA_CNNE","Phoma cannae","synonym","GBIF",1.25
"F_PHOMA_CRCV","Phoma caricivora","synonym","GBIF",1.25
"F_PHOMA_CCRN","Phoma cicerina","synonym","GBIF",1.25
"F_PHOMA_CNTA","Phoma circinata","synonym","GBIF",1.25
"F_PHOMA_CRRY","Phoma curreyi","synonym","GBIF",1.25
"F_PHOMA_TSPRA","Phoma cytospora","synonym","MycoBank",1.25
"F_PHOMA_DNTR","Phoma dentariae","synonym","MycoBank",1.25
"F_PHOMA_KYNS","Phoma filarszkyanus","synonym","GBIF",1.25
"F_PHOMA_GLYCY","Phoma glycyrrhizae","synonym","GBIF",1.25
"F_PHOMA_YRCS","Phoma syriacus","synonym","GBIF",1.25
"F_PHOMA_ZNGB","Phoma zingiberi","synonym","GBIF",1.25
"F_PICHI_NMLS","Pichia anomalus","synonym","GBIF",1.25
"F_PICHI_LGCS","Pichia belgicus","synonym","GBIF",1.25
"F_PICHI_BSPR","Pichia bisporus","synonym","GBIF",1.25
"F_PICHI_CHVL","Pichia chevalieri","synonym","GBIF",1.25
"F_PICHI_CHVR","Pichia chevariacea","synonym","GBIF",1.25
"F_PICHI_CHNT","Pichia chiantigiana","synonym","GBIF",1.25
"F_PICHI_CITR","Pichia citrea","synonym","GBIF",1.25
"F_PICHI_DCLR","Pichia decolorans","synonym","GBIF",1.25
"F_PICHI_FMTR","Pichia fimetaria","synonym","GBIF",1.25
"F_PICHI_SPRS","Pichia hyalosporus","synonym","GBIF",1.25
"F_PICHI_LCTS","Pichia lactis","synonym","GBIF",1.25
"F_PICHI_LAFR","Pichia lafarii","synonym","GBIF",1.25
"F_PICHI_LMBC","Pichia lambica","synonym","GBIF",1.25
"F_PICHI_MONS","Pichia monosa","synonym","GBIF",1.25
"F_PICHI_MYCP","Pichia mycoderma-punctisporus","synonym","GBIF",1.25
"F_PICHI_PSTA","Pichia pastorianus-arborescens","synonym","GBIF",1.25
"F_PICHI_PRFR","Pichia piriformis","synonym","GBIF",1.25
"F_PICHI_PNCT","Pichia punctisporus","synonym","GBIF",1.25
"F_PICHI_PYRF","Pichia pyriformis","synonym","GBIF",1.25
"F_PICHI_SCND","Pichia scandinavicus","synonym","GBIF",1.25
"F_PICHI_SLCL","Pichia solicola","synonym","GBIF",1.25
"F_PICHI_SOOS","Pichia soosii","synonym","GBIF",1.25
"F_PICHI_SRBS","Pichia sorbosa","synonym","GBIF",1.25
"F_PICHI_TNNC","Pichia tannica","synonym","GBIF",1.25
"F_PICHI_TRMP","Pichia trumpyi","synonym","GBIF",1.25
"F_PICHI_VALD","Pichia valida","synonym","GBIF",1.25
"F_PICHI_VNLR","Pichia vanlaeriana","synonym","GBIF",1.25
"F_PIEDR_GUAY","Piedraia guayo","synonym","GBIF",1.25
"F_PTHMY_QUDRT","Pithomyces quadrata","synonym","GBIF",1.25
"F_PTHMY_DRTM","Pithomyces quadratum","synonym","GBIF",1.25
"B_PRPHYR_LVSS","Porphyromonas salivosus","synonym","GBIF",1.5
"B_PRVTL_CPLL","Prevotella capillus","synonym","GBIF",1.5
"B_PRVTL_PNTS","Prevotella pentosaceus","synonym","GBIF",1.5
"B_PRVTL_ZGLF","Prevotella zoogleiformans","synonym","GBIF",1.5
"B_PRVDN_INCN","Providencia inconstans","synonym","GBIF",1
"F_PSDLL_AMRC","Pseudallescheria americana","synonym","GBIF",1.25
"F_PSDLL_GSTM","Pseudallescheria angustum","synonym","GBIF",1.25
"F_PSDLL_PRMM","Pseudallescheria apiospermum","synonym","GBIF",1.25
"F_PSDLL_CHRT","Pseudallescheria chartoikoon","synonym","GBIF",1.25
"F_PSDLL_PSDM","Pseudallescheria ellipsoideum","synonym","GBIF",1.25
"F_PSDLL_FSDM","Pseudallescheria fusoideum","synonym","GBIF",1.25
"F_PSDLL_HMNS","Pseudallescheria hominis","synonym","GBIF",1.25
"B_PSDMN_AESTS","Pseudomonas aestus","synonym","GBIF",1
"B_PSDMN_PLYT","Pseudomonas polytricha","synonym","GBIF",1
"B_PSDMN_SDRC","Pseudomonas siderocapsulatus","synonym","GBIF",1
"B_PSDPRP_PRPN","Pseudopropionibacterium propionica","synonym","GBIF",1.5
"B_PSDPRP_PNCS","Pseudopropionibacterium propionicus","synonym","GBIF",1.5
"F_PRPRC_RYGM","Purpureocillium ryogamimontana","synonym","GBIF",1.25
"F_PRPRC_NNSS","Purpureocillium takamizusanensis","synonym","GBIF",1.25
"B_RLTLL_TRVS","Raoultella trevisanii","synonym","GBIF",1.5
"F_RHNCL_PCTM","Rhinocladiella compactum","synonym","GBIF",1.25
"F_RHNCL_EMTB","Rhinocladiella eumetabolus","synonym","GBIF",1.25
"F_RHNCL_OLGS","Rhinocladiella oligospermus","synonym","GBIF",1.25
"B_RHZBM_TMFCN","Rhizobium tumefaciens","synonym","GBIF",1.5
"B_RHZBM_TMFC","Rhizobium tumifaciens","synonym","GBIF",1.5
"F_RHZMC_BNTN","Rhizomucor buntingii","synonym","GBIF",1.25
"F_RHZMC_HAGM","Rhizomucor hagemii","synonym","GBIF",1.25
"F_RHZMC_MRPR","Rhizomucor muriperda","synonym","GBIF",1.25
"F_RHZPS_AGRC","Rhizopus agaricina","synonym","GBIF",1.25
"F_RHZPS_RCNS","Rhizopus agaricinus","synonym","GBIF",1.25
"F_RHZPS_ASCP","Rhizopus ascophorus","synonym","GBIF",1.25
"F_RHZPS_LYCCC","Rhizopus lyococcos","synonym","GBIF",1.25
"F_RHZPS_MUCD","Rhizopus mucedo","synonym","GBIF",1.25
"F_RHZPS_PYGM","Rhizopus pygmaeus","synonym","GBIF",1.25
"F_RHZPS_RORD","Rhizopus rorida","synonym","GBIF",1.25
"F_RHZPS_RRDS","Rhizopus roridus","synonym","GBIF",1.25
"F_RHZPS_RXNS","Rhizopus rouxianus","synonym","GBIF",1.25
"F_RHZPS_ROUX","Rhizopus rouxii","synonym","GBIF",1.25
"F_RHZPS_TODN","Rhizopus todeana","synonym","GBIF",1.25
"F_RHZPS_VLGR","Rhizopus vulgaris","synonym","GBIF",1.25
"B_RHDCC_CLCR","Rhodococcus calcarea","synonym","GBIF",1.5
"B_RHDCC_PCLN","Rhodococcus picolinophilus","synonym","GBIF",1.5
"B_RHDCC_RSTR","Rhodococcus restricta","synonym","GBIF",1.5
"F_RHDTR_AERM","Rhodotorula aereum","synonym","GBIF",1.25
"F_RHDTR_ARNT","Rhodotorula aurantia","synonym","GBIF",1.25
"F_RHDTR_CRBN","Rhodotorula carbonei","synonym","GBIF",1.25
"F_RHDTR_CSNR","Rhodotorula cisnerosi","synonym","GBIF",1.25
"F_RHDTR_DCLN","Rhodotorula decolans","synonym","GBIF",1.25
"F_RHDTR_DUBI","Rhodotorula dubia","synonym","GBIF",1.25
"F_RHDTR_DUBS","Rhodotorula dubius","synonym","GBIF",1.25
"F_RHDTR_FRSN","Rhodotorula fresenii","synonym","GBIF",1.25
"F_RHDTR_NNLS","Rhodotorula hinnuleus","synonym","GBIF",1.25
"F_RHDTR_YTCS","Rhodotorula histolyticus","synonym","GBIF",1.25
"F_RHDTR_MNNT","Rhodotorula mannitica","synonym","GBIF",1.25
"F_RHDTR_MINT","Rhodotorula miniata","synonym","GBIF",1.25
"F_RHDTR_NTRT","Rhodotorula nitritophila","synonym","GBIF",1.25
"F_RHDTR_PRRS","Rhodotorula pararoseus","synonym","GBIF",1.25
"F_RHDTR_MNLE","Rhodotorula pulmonale","synonym","GBIF",1.25
"F_RHDTR_RDTS","Rhodotorula radiatus","synonym","GBIF",1.25
"F_RHDTR_ROSE","Rhodotorula rosea","synonym","GBIF",1.25
"F_RHDTR_RSCR","Rhodotorula roseocorallina","synonym","GBIF",1.25
"F_RHDTR_RUBER","Rhodotorula ruber","synonym","GBIF",1.25
"F_RHDTR_RGSS","Rhodotorula rubrorugosus","synonym","GBIF",1.25
"F_RHDTR_RFSC","Rhodotorula rufescens","synonym","GBIF",1.25
"F_RHDTR_SAIT","Rhodotorula saitoi","synonym","GBIF",1.25
"B_RTTSA_ARGS","Rickettsia argasii","synonym","GBIF",1.15
"B_RTTSA_CLMB","Rickettsia colombianensi","synonym","GBIF",1.25
"B_RTTSA_PHLP","Rickettsia philipii","synonym","GBIF",1.15
"B_RSMNS_ROSS","Roseomonas roseus","synonym","GBIF",1.5
"F_SCCHR_BATT","Saccharomyces batatae","synonym","GBIF",1.25
"F_SCCHR_RBST","Saccharomyces robusta","synonym","GBIF",1.25
"F_SCCHR_VNMN","Saccharomyces vini-muntz","synonym","GBIF",1.25
"B_SCCHRP_FAEN","Saccharopolyspora faeni","synonym","GBIF",1.15
"F_SCLCB_MINM","Scolecobasidium minima","synonym","GBIF",1.25
"F_SCPLR_BANR","Scopulariopsis bainieri","synonym","GBIF",1.25
"F_SCPLR_EPGM","Scopulariopsis epigaeum","synonym","GBIF",1.25
"F_SCPLR_TVRM","Scopulariopsis insectivorum","synonym","GBIF",1.25
"F_SCPLR_BLLM","Scopulariopsis rubellum","synonym","GBIF",1.25
"F_SCPLR_SCPL","Scopulariopsis scopulariopsis","synonym","GBIF",1.25
"F_SCPLR_CRRM","Scopulariopsis stercorarium","synonym","GBIF",1.25
"F_SCYTL_CUBDM","Scytalidium cubodeum","synonym","GBIF",1.25
"B_SHWNL_FCNS","Shewanella putrifaciens","synonym","GBIF",1.5
"B_SPHNGB_YBCH","Sphingobacterium yabuuchiae","synonym","GBIF",1.5
"B_SNGMNS_DVRN","Sphingomonas devorans","synonym","GBIF",1.5
"AN_SPRMT_FAST","Spirometra fausti","synonym","GBIF",1.25
"F_SPRBL_MTRS","Sporobolomyces metaroseus","synonym","GBIF",1.25
"F_SPRBL_PLVR","Sporobolomyces pulverulentus","synonym","GBIF",1.25
"F_SPRBL_RBRA","Sporobolomyces rubra","synonym","GBIF",1.25
"F_SPRBL_SOML","Sporobolomyces somala","synonym","GBIF",1.25
"F_SPRTH_AERG","Sporothrix aeruginosum","synonym","GBIF",1.25
"F_SPRTH_CLMN","Sporothrix columnare","synonym","GBIF",1.25
"F_SPRTH_SPRM","Sporothrix echinosporum","synonym","GBIF",1.25
"F_SPRTH_EQUI","Sporothrix equi","synonym","GBIF",1.25
"F_SPRTH_FNSC","Sporothrix fonsecae","synonym","GBIF",1.25
"F_SPRTH_INDC","Sporothrix indicum","synonym","GBIF",1.25
"F_SPRTH_JNSL","Sporothrix jeanselmei","synonym","GBIF",1.25
"F_SPRTH_SNGN","Sporothrix sanguinea","synonym","MycoBank",1.25
"F_SPRTH_SCPL","Sporothrix scopula","synonym","GBIF",1.25
"F_SPRTH_TRPC","Sporothrix tropicale","synonym","GBIF",1.25
"F_SPRTH_VRTC","Sporothrix verticilloides","synonym","GBIF",1.25
"F_SPRTR_CRTRF","Sporotrichum crateriformis","synonym","GBIF",1.25
"F_SPRTR_FNSTR","Sporotrichum fenestralis","synonym","GBIF",1.25
"F_SPRTR_LTBR","Sporotrichum latebrarum","synonym","MycoBank",1.25
"F_SPRTR_SNGN","Sporotrichum sanguineum","synonym","MycoBank",1.25
"F_STCHY_ATRR","Stachybotrys aterrima","synonym","GBIF",1.25
"F_STCHY_BGTT","Stachybotrys biguttatum","synonym","GBIF",1.25
"F_STCHY_CHRTM","Stachybotrys charatum","synonym","GBIF",1.25
"F_STCHY_ECHNT","Stachybotrys echinata","synonym","GBIF",1.25
"F_STCHY_HNTM","Stachybotrys echinatum","synonym","GBIF",1.25
"F_STCHY_LEPRS","Stachybotrys leprosa","synonym","GBIF",1.25
"F_STCHY_LVSPR","Stachybotrys levispora","synonym","GBIF",1.25
"F_STCHY_LNGST","Stachybotrys longistipitata","synonym","GBIF",1.25
"F_STCHY_NVZL","Stachybotrys novae-zelandiae","synonym","GBIF",1.25
"B_STPHY_VRTR","Staphylococcus veratri","synonym","GBIF",1
"B_STNTR_RTRF","Stenotrophomonas retroflexus","synonym","GBIF",1.5
"B_STRPT_PRDN","Streptococcus periodonticum","synonym","GBIF",1
"B_SMYCS_ACDP","Streptomyces acidiphila","synonym","GBIF",1.5
"B_SMYCS_ALBLNG","Streptomyces albolonga","synonym","GBIF",1.5
"B_SMYCS_ALBV","Streptomyces alboverticillatum","synonym","GBIF",1.5
"B_SMYCS_RSLE","Streptomyces aureoversile","synonym","GBIF",1.5
"B_SMYCS_BVRTC","Streptomyces biverticillatum","synonym","GBIF",1.5
"B_SMYCS_CRLM","Streptomyces caeruleum","synonym","GBIF",1.5
"B_SMYCS_CPNS","Streptomyces capuensis","synonym","GBIF",1.5
"B_SMYCS_DPLS","Streptomyces diplospora","synonym","GBIF",1.5
"B_SMYCS_DSTL","Streptomyces distallicum","synonym","GBIF",1.5
"B_SMYCS_EHMN","Streptomyces ehimense","synonym","GBIF",1.5
"B_SMYCS_FLAVA","Streptomyces flava","synonym","GBIF",1.5
"B_SMYCS_FLVP","Streptomyces flavopersicum","synonym","GBIF",1.5
"B_SMYCS_FUMGT","Streptomyces fumigata","synonym","GBIF",1.5
"B_SMYCS_GRMNIS","Streptomyces graminis","synonym","GBIF",1.25
"B_SMYCS_GRSVR","Streptomyces griseoverticillatum","synonym","GBIF",1.5
"B_SMYCS_HCHJ","Streptomyces hachijoense","synonym","GBIF",1.5
"B_SMYCS_NNSE","Streptomyces indianense","synonym","GBIF",1.5
"B_SMYCS_RNSE","Streptomyces kashmirense","synonym","GBIF",1.5
"B_SMYCS_KANSS","Streptomyces kauaiensis","synonym","GBIF",1.5
"B_SMYCS_KNTC","Streptomyces kentuckense","synonym","GBIF",1.5
"B_SMYCS_KSHW","Streptomyces kishiwadense","synonym","GBIF",1.5
"B_SMYCS_LVDN","Streptomyces lividans","synonym","GBIF",1.5
"B_SMYCS_LTCL","Streptomyces luteocolor","synonym","GBIF",1.5
"B_SMYCS_LTVRT","Streptomyces luteoverticillatum","synonym","GBIF",1.5
"B_SMYCS_NGSK","Streptomyces nagasakiensis","synonym","GBIF",1.5
"B_SMYCS_OCHRC","Streptomyces ochracea","synonym","GBIF",1.5
"B_SMYCS_OLVRT","Streptomyces olivoreticulum","synonym","GBIF",1.5
"B_SMYCS_PHSL","Streptomyces phosalacinea","synonym","GBIF",1.5
"B_SMYCS_RGNA","Streptomyces purpurogena","synonym","GBIF",1.5
"B_SMYCS_RCTVRT","Streptomyces rectiverticillatum","synonym","GBIF",1.5
"B_SMYCS_RETCL","Streptomyces reticuli","synonym","GBIF",1.5
"B_SMYCS_ROSE","Streptomyces rosea","synonym","GBIF",1.5
"B_SMYCS_RSVRTC","Streptomyces roseoverticillatum","synonym","GBIF",1.5
"B_SMYCS_SPPR","Streptomyces sapporonense","synonym","GBIF",1.5
"B_SMYCS_SPTT","Streptomyces septatum","synonym","GBIF",1.5
"B_SMYCS_PHLM","Streptomyces vitaminophilum","synonym","GBIF",1.5
"B_SMYCS_WDYM","Streptomyces wadayamensis","synonym","GBIF",1.5
"AN_TAENI_CLLL","Taenia cellulosae","synonym","GBIF",1.25
"AN_TAENI_CRBR","Taenia cerebralis","synonym","GBIF",1.25
"AN_TAENI_GAGR","Taenia gaigeri","synonym","GBIF",1.25
"AN_TAENI_RDNS","Taenia radians","synonym","GBIF",1.25
"AN_TAENI_RMSS","Taenia ramosus","synonym","GBIF",1.25
"AN_TAENI_SKRJ","Taenia skrjabini","synonym","GBIF",1.25
"AN_TAENI_TNCL","Taenia tenuicollis","synonym","GBIF",1.25
"F_TLRMY_ARCP","Talaromyces aureocephalum","synonym","GBIF",1.25
"F_TLRMY_BCLL","Talaromyces bacillisporum","synonym","GBIF",1.25
"F_TLRMY_CHRY","Talaromyces chrysitis","synonym","GBIF",1.25
"F_TLRMY_CLVG","Talaromyces clavigerum","synonym","GBIF",1.25
"F_TLRMY_CNCV","Talaromyces concavorugulosum","synonym","GBIF",1.25
"F_TLRMY_CRTR","Talaromyces crateriforme","synonym","GBIF",1.25
"F_TLRMY_DNGR","Talaromyces dangeardii","synonym","GBIF",1.25
"F_TLRMY_ECHN","Talaromyces echinosporum","synonym","GBIF",1.25
"F_TLRMY_ELNG","Talaromyces elongatum","synonym","GBIF",1.25
"F_TLRMY_EMMN","Talaromyces emmonsii","synonym","GBIF",1.25
"F_TLRMY_KLCK","Talaromyces kloeckeri","synonym","GBIF",1.25
"F_TLRMY_KRSM","Talaromyces korosum","synonym","GBIF",1.25
"F_TLRMY_LTRN","Talaromyces luteoaurantium","synonym","GBIF",1.25
"F_TLRMY_MCRS","Talaromyces macrosporum","synonym","GBIF",1.25
"F_TLRMY_PCSP","Talaromyces paucispora","synonym","GBIF",1.25
"F_TLRMY_PHLSP","Talaromyces phialosporum","synonym","GBIF",1.25
"F_TLRMY_SPRL","Talaromyces spirillum","synonym","GBIF",1.25
"F_TLRMY_TRDM","Talaromyces tardum","synonym","GBIF",1.25
"F_TLRMY_VRMC","Talaromyces vermiculatum","synonym","GBIF",1.25
"B_TNNRL_YTHS","Tannerella forsythus","synonym","GBIF",1.15
"B_TTLCK_PTTS","Tatlockia pittsburghensis","synonym","GBIF",1.5
"B_TSSRL_HSTF","Tissierella hastiforme","synonym","GBIF",1.15
"AN_TOXCR_CRCM","Toxocara circumflexa","synonym","GBIF",1.25
"AN_TOXCR_MRGN","Toxocara marginata","synonym","GBIF",1.25
"AN_TOXCR_TRQT","Toxocara triquetra","synonym","GBIF",1.25
"AN_TOXCR_VLPS","Toxocara vulpis","synonym","GBIF",1.25
"F_TRCHD_ALBA","Trichoderma alba","synonym","GBIF",1.25
"F_TRCHD_ATRVR","Trichoderma atroviridae","synonym","GBIF",1.25
"F_TRCHD_CHRY","Trichoderma chrysofulva","synonym","GBIF",1.25
"F_TRCHD_CLVT","Trichoderma clavata","synonym","GBIF",1.25
"F_TRCHD_TRTA","Trichoderma contorta","synonym","GBIF",1.25
"F_TRCHD_CRRGT","Trichoderma corrugata","synonym","GBIF",1.25
"F_TRCHD_TCDS","Trichoderma corticioides","synonym","GBIF",1.25
"F_TRCHD_DANC","Trichoderma danica","synonym","GBIF",1.25
"F_TRCHD_ELLP","Trichoderma ellipticum","synonym","GBIF",1.25
"F_TRCHD_ERBS","Trichoderma erubescens","synonym","GBIF",1.25
"F_TRCHD_FRNS","Trichoderma farinosa","synonym","GBIF",1.25
"F_TRCHD_FRGLS","Trichoderma fragilis","synonym","GBIF",1.25
"F_TRCHD_FNGC","Trichoderma fungicola","synonym","GBIF",1.25
"F_TRCHD_HXSPR","Trichoderma hexaspora","synonym","GBIF",1.25
"F_TRCHD_XSPRS","Trichoderma hexasporus","synonym","GBIF",1.25
"F_TRCHD_HSPNC","Trichoderma hispanica","synonym","GBIF",1.25
"F_TRCHD_JCRN","Trichoderma jecorina","synonym","GBIF",1.25
"F_TRCHD_KRST","Trichoderma karsteniana","synonym","GBIF",1.25
"F_TRCHD_LTZNT","Trichoderma latizonata","synonym","GBIF",1.25
"F_TRCHD_PLSA","Trichoderma longipilosa","synonym","GBIF",1.25
"F_TRCHD_LUTE","Trichoderma lutea","synonym","GBIF",1.25
"F_TRCHD_MGLCT","Trichoderma megalocitrina","synonym","GBIF",1.25
"F_TRCHD_MCRC","Trichoderma microcitrina","synonym","GBIF",1.25
"F_TRCHD_MCRS","Trichoderma microspermum","synonym","GBIF",1.25
"F_TRCHD_NERF","Trichoderma neorufa","synonym","GBIF",1.25
"F_TRCHD_NYBRG","Trichoderma nybergiana","synonym","GBIF",1.25
"F_TRCHD_OCHRL","Trichoderma ochroleuca","synonym","GBIF",1.25
"F_TRCHD_NTLS","Trichoderma orientalis","synonym","GBIF",1.25
"F_TRCHD_PELTT","Trichoderma peltata","synonym","GBIF",1.25
"F_TRCHD_PRTPL","Trichoderma protopulvinata","synonym","GBIF",1.25
"F_TRCHD_FRME","Trichoderma pulviniforme","synonym","GBIF",1.25
"F_TRCHD_RGNS","Trichoderma rigens","synonym","GBIF",1.25
"F_TRCHD_RUFA","Trichoderma rufa","synonym","GBIF",1.25
"F_TRCHD_SGMN","Trichoderma sagamiensis","synonym","GBIF",1.25
"F_TRCHD_SCHW","Trichoderma schweinitzii","synonym","GBIF",1.25
"F_TRCHD_SORDD","Trichoderma sordida","synonym","GBIF",1.25
"F_TRCHD_RDDS","Trichoderma sordidus","synonym","GBIF",1.25
"F_TRCHD_SPNL","Trichoderma spinulosa","synonym","GBIF",1.25
"F_TRCHD_NLSS","Trichoderma spinulosus","synonym","GBIF",1.25
"F_TRCHD_STLLT","Trichoderma stellata","synonym","GBIF",1.25
"F_TRCHD_MNLLA","Trichoderma straminella","synonym","GBIF",1.25
"F_TRCHD_STRCT","Trichoderma strictipilosa","synonym","GBIF",1.25
"F_TRCHD_SBTRC","Trichoderma subtrachycarpa","synonym","GBIF",1.25
"F_TRCHD_SBTRCH","Trichoderma subtrachycarpus","synonym","GBIF",1.25
"F_TRCHD_CCSS","Trichoderma succisus","synonym","GBIF",1.25
"F_TRCHD_SNSS","Trichoderma sulawesensis","synonym","GBIF",1.25
"F_TRCHD_SLFR","Trichoderma sulfurea","synonym","GBIF",1.25
"F_TRCHD_SLPHR","Trichoderma sulphurea","synonym","GBIF",1.25
"F_TRCHD_TRCHY","Trichoderma trachycarpa","synonym","GBIF",1.25
"F_TRCHD_TRCHYC","Trichoderma trachycarpus","synonym","GBIF",1.25
"F_TRCHD_VRSCN","Trichoderma virescentiflava","synonym","GBIF",1.25
"F_TRCHD_VLGR","Trichoderma vulgaris","synonym","GBIF",1.25
"F_TRCHP_ABSS","Trichophyton abissinica","synonym","GBIF",1.25
"F_TRCHP_ABYS","Trichophyton abyssinicum","synonym","GBIF",1.25
"F_TRCHP_ACHR","Trichophyton achorion","synonym","GBIF",1.25
"F_TRCHP_ACMN","Trichophyton acuminata","synonym","GBIF",1.25
"F_TRCHP_ALBA","Trichophyton alba","synonym","GBIF",1.25
"F_TRCHP_BALCN","Trichophyton balcanea","synonym","GBIF",1.25
"F_TRCHP_DNTCL","Trichophyton denticulata","synonym","GBIF",1.25
"F_TRCHP_CLTS","Trichophyton denticulatus","synonym","GBIF",1.25
"F_TRCHP_EFFR","Trichophyton effracta","synonym","GBIF",1.25
"F_TRCHP_EQNS","Trichophyton equinus","synonym","GBIF",1.25
"F_TRCHP_GLABR","Trichophyton glabra","synonym","GBIF",1.25
"F_TRCHP_GRNL","Trichophyton granulosa","synonym","GBIF",1.25
"F_TRCHP_NLSS","Trichophyton granulosus","synonym","GBIF",1.25
"F_TRCHP_YPSS","Trichophyton gypseus","synonym","GBIF",1.25
"F_TRCHP_INDIC","Trichophyton indica","synonym","GBIF",1.25
"F_TRCHP_GFSS","Trichophyton longifusus","synonym","GBIF",1.25
"F_TRCHP_OCHR","Trichophyton ochracea","synonym","GBIF",1.25
"F_TRCHP_FRMS","Trichophyton plurizoniformis","synonym","GBIF",1.25
"F_TRCHP_PURPR","Trichophyton purpurea","synonym","GBIF",1.25
"F_TRCHP_SPDC","Trichophyton spadicea","synonym","GBIF",1.25
"F_TRCHP_UNCN","Trichophyton uncinatum","synonym","GBIF",1.25
"AN_TRCHR_AFFN","Trichuris affinis","synonym","GBIF",1.25
"AN_TRCHR_NUTR","Trichuris nutria","synonym","GBIF",1.25
"AN_TRCHR_UNGC","Trichuris unguiculatus","synonym","GBIF",1.25
"B_TSKMR_ARNT","Tsukamurella aurantiacus","synonym","GBIF",1.15
"B_TSKMR_CLMB","Tsukamurella columbiensis","synonym","GBIF",1.25
"AN_TUNGA_LGRN","Tunga lagrangei","synonym","GBIF",1.25
"AN_TUNGA_RPTN","Tunga reptans","synonym","GBIF",1.25
"F_USTLG_AELR","Ustilago aeluropi","synonym","GBIF",1.25
"F_USTLG_CLMGR","Ustilago calamagrostis","synonym","GBIF",1.25
"F_USTLG_CNCR","Ustilago concortica","synonym","GBIF",1.25
"F_USTLG_DNTR","Ustilago de-notarisii","synonym","GBIF",1.25
"F_USTLG_DBRY","Ustilago debaryana","synonym","GBIF",1.25
"F_USTLG_RVNM","Ustilago peruvianum","synonym","GBIF",1.25
"F_USTLG_PTHC","Ustilago pithecellobiicola","synonym","GBIF",1.25
"F_USTLG_CLSM","Ustilago utriculosum","synonym","GBIF",1.25
"F_USTLG_CLSS","Ustilago utriculosus","synonym","GBIF",1.25
"B_VIBRI_ANTQ","Vibrio antiquarius","synonym","GBIF",1.5
"B_VIBRI_CHMG","Vibrio chemaguriensis","synonym","GBIF",1.5
"B_VIBRI_NERD","Vibrio nereida","synonym","GBIF",1.5
"B_VIBRI_NGRPL","Vibrio nigrapulchrituda","synonym","GBIF",1.5
"B_VIBRI_PELG","Vibrio pelagia","synonym","GBIF",1.5
"B_VIBRI_QNGH","Vibrio qinghaiensis","synonym","GBIF",1.5
"F_WALLM_EPIZ","Wallemia epizoa","synonym","GBIF",1.25
"F_WALLM_EPZM","Wallemia epizoum","synonym","GBIF",1.25
"F_WALLM_FLGN","Wallemia fuliginea","synonym","GBIF",1.25
"F_WALLM_SCCH","Wallemia sacchari","synonym","GBIF",1.25
"F_WALLM_STLL","Wallemia stellata","synonym","GBIF",1.25
"F_WMYCS_ACRS","Wickerhamomyces aceris-sacchari","synonym","GBIF",1.25
"F_WMYCS_SRNI","Wickerhamomyces aceris-saccharini","synonym","GBIF",1.25
"F_WMYCS_ACTT","Wickerhamomyces acetaethylicus","synonym","GBIF",1.25
"F_WMYCS_ARBT","Wickerhamomyces arabitolgenes","synonym","GBIF",1.25
"F_WMYCS_BECK","Wickerhamomyces beckii","synonym","GBIF",1.25
"F_WMYCS_BVRW","Wickerhamomyces beverwijkiae","synonym","GBIF",1.25
"F_WMYCS_BSPR","Wickerhamomyces bispora","synonym","GBIF",1.25
"F_WMYCS_JVNC","Wickerhamomyces javanica","synonym","GBIF",1.25
"F_WMYCS_LMBC","Wickerhamomyces lambica","synonym","GBIF",1.25
"F_WMYCS_MRGR","Wickerhamomyces margaritae","synonym","GBIF",1.25
"F_WMYCS_MELN","Wickerhamomyces melinii","synonym","GBIF",1.25
"F_WMYCS_MSCC","Wickerhamomyces muscicola","synonym","GBIF",1.25
"F_WMYCS_NTRT","Wickerhamomyces nitrativorans","synonym","GBIF",1.25
"F_WMYCS_NIVE","Wickerhamomyces nivea","synonym","GBIF",1.25
"F_WMYCS_OCTS","Wickerhamomyces octospora","synonym","GBIF",1.25
"F_WMYCS_ODSS","Wickerhamomyces odessa","synonym","GBIF",1.25
"F_WMYCS_DSSS","Wickerhamomyces odessus","synonym","GBIF",1.25
"F_WMYCS_PANS","Wickerhamomyces panis","synonym","GBIF",1.25
"F_WMYCS_PEPN","Wickerhamomyces peipin","synonym","GBIF",1.25
"F_WMYCS_PLLC","Wickerhamomyces pelliculosa","synonym","GBIF",1.25
"F_WMYCS_PRDC","Wickerhamomyces productiva","synonym","GBIF",1.25
"F_WMYCS_PLVR","Wickerhamomyces pulverulentum","synonym","GBIF",1.25
"F_WMYCS_SCHN","Wickerhamomyces schneggii","synonym","GBIF",1.25
"F_WMYCS_SPHR","Wickerhamomyces sphaerica","synonym","GBIF",1.25
"F_WMYCS_HRCS","Wickerhamomyces sphaericus","synonym","GBIF",1.25
"F_WMYCS_UKRN","Wickerhamomyces ukrainica","synonym","GBIF",1.25
"F_WMYCS_WING","Wickerhamomyces wingei","synonym","GBIF",1.25
"F_WMYCS_XYLP","Wickerhamomyces xylopsoci","synonym","GBIF",1.25
"F_YARRW_OLEA","Yarrowia oleae","synonym","GBIF",1.25
"F_YARRW_OLPH","Yarrowia oleophila","synonym","GBIF",1.25
"F_YARRW_PRLP","Yarrowia paralipolytica","synonym","GBIF",1.25
"F_YARRW_PTRP","Yarrowia petrophilum","synonym","GBIF",1.25
"F_YARRW_PSDL","Yarrowia pseudolipolytica","synonym","GBIF",1.25
"B_YKNLL_TRBL","Yokenella trabulsii","synonym","GBIF",1.15
"F_ZYGSC_BSPR","Zygosaccharomyces bispora","synonym","GBIF",1.25
"F_ZYGSC_ELGN","Zygosaccharomyces elegans","synonym","GBIF",1.25
"F_ZYGSC_MSTR","Zygosaccharomyces mestris","synonym","GBIF",1.25
"F_ZYGSC_MCRL","Zygosaccharomyces microellipsodes","synonym","GBIF",1.25
"F_ZYGSC_MSDL","Zygosaccharomyces miso-delta","synonym","GBIF",1.25
"F_ZYGSC_PLCN","Zygosaccharomyces placentae","synonym","GBIF",1.25
