"fullname","domain","rank","status","ref","prevalence"
"Achromobacter arsenitoxydans","Bacteria","species","accepted",,1.5
"Acidaminococcus massiliensis","Bacteria","species","accepted",,1.5
"Acidaminococcus timonensis","Bacteria","species","accepted",,1.5
"Actinomyces glycerinitolerans","Bacteria","species","accepted",,1.5
"Actinomyces succiniciruminis","Bacteria","species","accepted",,1.5
"Actinotignum timonense","Bacteria","species","accepted",,1.5
"Agrobacterium bohemicum","Bacteria","species","accepted",,1.5
"Agrobacterium fabrum","Bacteria","species","accepted",,1.5
"Agrobacterium oryzihabitans","Bacteria","species","accepted",,1.5
"Alistipes avicola","Bacteria","species","accepted",,1.5
"Alistipes avistercoris","Bacteria","species","accepted",,1.5
"Alistipes cottocaccae","Bacteria","species","accepted",,1.5
"Alistipes excrementavium","Bacteria","species","accepted",,1.5
"Alistipes excrementigallinarum","Bacteria","species","accepted",,1.5
"Alistipes excrementipullorum","Bacteria","species","accepted",,1.5
"Alistipes faecavium","Bacteria","species","accepted",,1.5
"Alistipes faecigallinarum","Bacteria","species","accepted",,1.5
"Alistipes intestinigallinarum","Bacteria","species","accepted",,1.5
"Alistipes intestinipullorum","Bacteria","species","accepted",,1.5
"Alistipes megaguti","Bacteria","species","accepted",,1.5
"Alistipes merdavium","Bacteria","species","accepted",,1.5
"Alistipes merdipullorum","Bacteria","species","accepted",,1.5
"Alistipes stercoravium","Bacteria","species","accepted",,1.5
"Alistipes stercorigallinarum","Bacteria","species","accepted",,1.5
"Alkanindiges hydrocarboniclasticus","Bacteria","species","accepted",,1.5
"Amycolatopsis pittospori","Bacteria","species","accepted",,1.5
"Anaerobiospirillum pullicola","Bacteria","species","accepted",,1.5
"Anaerobiospirillum pullistercoris","Bacteria","species","accepted",,1.5
"Anaerobiospirillum stercoravium","Bacteria","species","accepted",,1.5
"Anaerococcus marasmi","Bacteria","species","accepted",,1.5
"Anaerococcus massiliensis","Bacteria","species","synonym",,1.5
"Anaerococcus mediterraneensis","Bacteria","species","accepted",,1.5
"Anaerococcus obesiensis","Bacteria","species","accepted",,1.5
"Anaerococcus urinomassiliensis","Bacteria","species","accepted",,1.5
"Anaerostipes avistercoris","Bacteria","species","accepted",,1.5
"Anaerostipes excrementavium","Bacteria","species","accepted",,1.5
"Anaplasma bovis","Bacteria","species","accepted",,1.5
"Arthrobacter keyseri","Bacteria","species","accepted","Eaton, 2001",1.5
"Aurantimonas litoralis","Bacteria","species","accepted","Anderson et al., 2009",1.5
"Bacillus aeolius","Bacteria","species","accepted","Gugliandolo et al., 2003",1.5
"Bacillus aerius","Bacteria","species","accepted","Shivaji et al., 2006",1.5
"Bacillus aerophilus","Bacteria","species","accepted","Shivaji et al., 2006",1.5
"Bacillus baekryungensis","Bacteria","species","accepted","Yoon et al., 2004",1.5
"Bacillus rugosus","Bacteria","species","synonym",,1.5
"Bacillus stratosphericus","Bacteria","species","accepted","Shivaji et al., 2006",1.5
"Bacillus thaonhiensis","Bacteria","species","accepted","Van Pham et al., 2014",1.5
"Bacteroides avicola","Bacteria","species","accepted",,1.5
"Bacteroides bouchesdurhonensis","Bacteria","species","accepted",,1.5
"Bacteroides congonensis","Bacteria","species","accepted",,1.5
"Bacteroides cutis","Bacteria","species","accepted",,1.5
"Bacteroides intestinavium","Bacteria","species","accepted",,1.5
"Bacteroides intestinigallinarum","Bacteria","species","accepted",,1.5
"Bacteroides intestinipullorum","Bacteria","species","accepted",,1.5
"Bacteroides merdavium","Bacteria","species","accepted",,1.5
"Bacteroides merdigallinarum","Bacteria","species","accepted",,1.5
"Bacteroides merdipullorum","Bacteria","species","accepted",,1.5
"Bacteroides ndongoniae","Bacteria","species","accepted",,1.5
"Bacteroides neonati","Bacteria","species","accepted",,1.5
"Bacteroides pullicola","Bacteria","species","accepted",,1.5
"Bacteroides timonensis","Bacteria","species","accepted",,1.5
"Bacteroides togonis","Bacteria","species","accepted",,1.5
"Bartonella australis","Bacteria","species","accepted",,1.5
"Bartonella gabonensis","Bacteria","species","accepted",,1.5
"Bartonella massiliensis","Bacteria","species","accepted",,1.5
"Bartonella mastomydis","Bacteria","species","synonym",,1.15
"Bartonella phoceensis","Bacteria","species","accepted",,1.5
"Bartonella rattimassiliensis","Bacteria","species","accepted",,1.25
"Bifidobacterium crudilactis","Bacteria","species","accepted","Delcenserie et al., 2013",1.5
"Blautia avicola","Bacteria","species","accepted",,1.5
"Blautia marasmi","Bacteria","species","synonym",,1.5
"Blautia merdavium","Bacteria","species","accepted",,1.5
"Blautia merdigallinarum","Bacteria","species","accepted",,1.5
"Blautia merdipullorum","Bacteria","species","accepted",,1.5
"Blautia ornithocaccae","Bacteria","species","accepted",,1.5
"Blautia pullicola","Bacteria","species","accepted",,1.5
"Blautia pullistercoris","Bacteria","species","accepted",,1.5
"Blautia stercoravium","Bacteria","species","accepted",,1.5
"Blautia stercorigallinarum","Bacteria","species","accepted",,1.5
"Blautia stercoripullorum","Bacteria","species","accepted",,1.5
"Borrelia tachyglossi","Bacteria","species","accepted",,1.5
"Brachybacterium massiliense","Bacteria","species","accepted",,1.5
"Brachyspira catarrhinii","Bacteria","species","accepted",,1.5
"Brevibacterium ihuae","Bacteria","species","accepted",,1.5
"Brevibacterium intestinavium","Bacteria","species","accepted",,1.5
"Brevibacterium intestinigallinarum","Bacteria","species","accepted",,1.5
"Brevundimonas olei","Bacteria","species","accepted","Lee et al., 2010",1.5
"Bulleidia moorei","Bacteria","species","accepted",,1.5
"Burkholderia kirkii","Bacteria","species","accepted","Hantzsch",1.5
"Burkholderia reimsis","Bacteria","species","synonym",,1.5
"Burkholderia rinojensis","Bacteria","species","accepted","Cordova-Kreylos et al., 2013",1.5
"Butyricimonas vaginalis","Bacteria","species","synonym",,1.5
"Capnocytophaga bilenii","Bacteria","species","accepted",,1.5
"Capnocytophaga stomatis","Bacteria","species","accepted",,1.5
"Catonella massiliensis","Bacteria","species","accepted",,1.5
"Cellulomonas gilvus","Bacteria","species","accepted",,1.5
"Cellulomonas timonensis","Bacteria","species","accepted",,1.5
"Centipeda massiliensis","Bacteria","species","accepted",,1.5
"Chitinophaga agri","Bacteria","species","accepted",,1.5
"Chitinophaga agrisoli","Bacteria","species","accepted",,1.5
"Christensenella massiliensis","Bacteria","species","accepted",,1.5
"Christensenella timonensis","Bacteria","species","accepted",,1.5
"Chryseobacterium massiliae","Bacteria","species","synonym",,1.25
"Chryseobacterium nematophagum","Bacteria","species","accepted",,1.5
"Chryseobacterium timonianum","Bacteria","species","accepted",,1.5
"Clostridium autoethanogenum","Bacteria","species","synonym",,1.5
"Clostridium cellulofermentans","Bacteria","species","accepted","He et al., 1991",1.5
"Clostridium cuniculi","Bacteria","species","accepted",,1.5
"Clostridium nigeriense","Bacteria","species","accepted",,1.5
"Clostridium taeniosporum","Bacteria","species","accepted",,1.5
"Collinsella bouchesdurhonensis","Bacteria","species","accepted",,1.5
"Collinsella phocaeensis","Bacteria","species","accepted",,1.5
"Collinsella provencensis","Bacteria","species","accepted",,1.5
"Collinsella stercoripullorum","Bacteria","species","accepted",,1.5
"Corynebacterium avicola","Bacteria","species","accepted",,1.5
"Corynebacterium bouchesdurhonense","Bacteria","species","accepted",,1.5
"Corynebacterium crenatum","Bacteria","species","synonym",,1.5
"Corynebacterium faecigallinarum","Bacteria","species","accepted",,1.5
"Corynebacterium faecipullorum","Bacteria","species","accepted",,1.5
"Corynebacterium gallistercoris","Bacteria","species","accepted",,1.5
"Corynebacterium intestinavium","Bacteria","species","accepted",,1.5
"Corynebacterium kefirresidentii","Bacteria","species","accepted",,1.5
"Corynebacterium lipophilum","Bacteria","species","accepted",,1.5
"Corynebacterium phoceense","Bacteria","species","accepted",,1.5
"Corynebacterium provencense","Bacteria","species","accepted",,1.5
"Corynebacterium senegalense","Bacteria","species","accepted",,1.5
"Coxiella mudrowiae","Bacteria","species","accepted",,1.5
"Cryptococcus nigricans","Fungi","species","synonym","Rich et al., 1958",1
"Cryptosporidium alticolis","Chromista","species","accepted","Horcickova et al., 2019",1.25
"Cryptosporidium microti","Chromista","species","accepted","Horcickova et al., 2019",1.25
"Cryptosporidium myocastoris","Chromista","species","accepted","Jezkova et al., 2021",1.25
"Cryptosporidium ornithophilus","Chromista","species","accepted","Holubova et al., 2020",1.25
"Cryptosporidium ratti","Chromista","species","accepted","Jezkova et al., 2021",1.25
"Cryptosporidium testudinis","Chromista","species","accepted","Jezkova et al., 2016",1.25
"Cupriavidus eutrophus","Bacteria","species","synonym","Davis, 1969",1.5
"Cupriavidus neocaledonicus","Bacteria","species","accepted",,1.5
"Deinococcus planocerae","Bacteria","species","accepted",,1.5
"Deinococcus xianganensis","Bacteria","species","synonym",,1.5
"Desulfomicrobium aestuarii","Bacteria","species","accepted","Dias et al., 2008",1.5
"Desulfomicrobium salsuginis","Bacteria","species","accepted","Dias et al., 2008",1.5
"Desulfovibrio dechloracetivorans","Bacteria","species","accepted","Sun et al., 2001",1.5
"Desulfovibrio fairfieldensis","Bacteria","species","accepted",,1.5
"Desulfovibrio kirbyi","Bacteria","species","accepted",,1.5
"Desulfovibrio singaporenus","Bacteria","species","accepted","ESheng et al., 2007",1.5
"Desulfovibrio trichonymphae","Bacteria","species","accepted",,1.5
"Dietzia intestinigallinarum","Bacteria","species","accepted",,1.5
"Dietzia intestinipullorum","Bacteria","species","accepted",,1.5
"Eisenbergiella intestinigallinarum","Bacteria","species","accepted",,1.5
"Eisenbergiella intestinipullorum","Bacteria","species","accepted",,1.5
"Eisenbergiella massiliensis","Bacteria","species","synonym",,1.5
"Eisenbergiella merdavium","Bacteria","species","accepted",,1.5
"Eisenbergiella merdigallinarum","Bacteria","species","accepted",,1.5
"Eisenbergiella merdipullorum","Bacteria","species","accepted",,1.5
"Eisenbergiella pullicola","Bacteria","species","accepted",,1.5
"Eisenbergiella pullistercoris","Bacteria","species","accepted",,1.5
"Eisenbergiella stercoravium","Bacteria","species","accepted",,1.5
"Eisenbergiella stercorigallinarum","Bacteria","species","accepted",,1.5
"Entamoeba chiangraiensis","Protozoa","species","accepted","Jinatham et al., 2019",1.25
"Enterocloster excrementigallinarum","Bacteria","species","accepted",,1.5
"Enterocloster excrementipullorum","Bacteria","species","accepted",,1.5
"Enterocloster faecavium","Bacteria","species","accepted",,1.5
"Erwinia beijingensis","Bacteria","species","accepted",,1.5
"Erwinia dacicola","Bacteria","species","accepted",,1.5
"Exiguobacterium arabatum","Bacteria","species","accepted","Jakubauskas et al., 2009",1.5
"Exiguobacterium chiriqhucha","Bacteria","species","accepted",,1.5
"Flavobacterium agri","Bacteria","species","accepted",,1.5
"Flavobacterium humi","Bacteria","species","accepted",,1.5
"Flavobacterium lutescens","Bacteria","species","accepted","Bergey et al.",1.5
"Flavobacterium petrolei","Bacteria","species","accepted",,1.5
"Flavobacterium pokkalii","Bacteria","species","accepted",,1.5
"Flavobacterium sasangense","Bacteria","species","accepted","Yoon et al., 2009",1.5
"Francisella uliginis","Bacteria","species","accepted",,1.5
"Gordonia jacobaea","Bacteria","species","accepted",,1.5
"Gordonibacter avicola","Bacteria","species","accepted",,1.5
"Gordonibacter massiliensis","Bacteria","species","accepted",,1.5
"Halomonas chromatireducens","Bacteria","species","accepted",,1.5
"Halomonas humidisoli","Bacteria","species","synonym",,1.5
"Halomonas profundus","Bacteria","species","accepted","Simon-Colin et al., 2008",1.5
"Halomonas stercoripullorum","Bacteria","species","accepted",,1.5
"Hathewaya massiliensis","Bacteria","species","accepted",,1.5
"Helcococcus massiliensis","Bacteria","species","accepted",,1.5
"Hungatella pullicola","Bacteria","species","accepted",,1.5
"Ignatzschineria merdigallinarum","Bacteria","species","accepted",,1.5
"Janibacter merdipullorum","Bacteria","species","accepted",,1.5
"Kocuria sediminis","Bacteria","species","synonym",,1.5
"Kocuria tytonicola","Bacteria","species","accepted",,1.5
"Lachnoanaerobaculum gingivalis","Bacteria","species","accepted",,1.5
"Lactobacillus pullistercoris","Bacteria","species","accepted",,1.5
"Leishmania tropica guyanensis","Protozoa","subspecies","synonym","Floch, 1954",1.25
"Leptotrichia massiliensis","Bacteria","species","accepted",,1.5
"Luteibacter jiangsuensis","Bacteria","species","accepted","Wang et al., 2011",1.5
"Luteococcus avicola","Bacteria","species","accepted",,1.5
"Lysinibacillus fluoroglycofenilyticus","Bacteria","species","accepted","Cheng et al., 2015",1.5
"Mediterraneibacter avicola","Bacteria","species","accepted",,1.5
"Mediterraneibacter caccavium","Bacteria","species","accepted",,1.5
"Mediterraneibacter caccogallinarum","Bacteria","species","accepted",,1.5
"Mediterraneibacter colneyensis","Bacteria","species","accepted",,1.5
"Mediterraneibacter cottocaccae","Bacteria","species","accepted",,1.5
"Mediterraneibacter excrementavium","Bacteria","species","accepted",,1.5
"Mediterraneibacter excrementigallinarum","Bacteria","species","accepted",,1.5
"Mediterraneibacter excrementipullorum","Bacteria","species","accepted",,1.5
"Mediterraneibacter faecavium","Bacteria","species","accepted",,1.5
"Mediterraneibacter faecigallinarum","Bacteria","species","accepted",,1.5
"Mediterraneibacter faecipullorum","Bacteria","species","accepted",,1.5
"Mediterraneibacter gallistercoris","Bacteria","species","accepted",,1.5
"Mediterraneibacter guildfordensis","Bacteria","species","accepted",,1.5
"Mediterraneibacter intestinavium","Bacteria","species","accepted",,1.5
"Mediterraneibacter intestinigallinarum","Bacteria","species","accepted",,1.5
"Mediterraneibacter intestinipullorum","Bacteria","species","accepted",,1.5
"Mediterraneibacter merdavium","Bacteria","species","accepted",,1.5
"Mediterraneibacter merdigallinarum","Bacteria","species","accepted",,1.5
"Mediterraneibacter merdipullorum","Bacteria","species","accepted",,1.5
"Mediterraneibacter norfolkensis","Bacteria","species","accepted",,1.5
"Mediterraneibacter norwichensis","Bacteria","species","accepted",,1.5
"Mediterraneibacter ornithocaccae","Bacteria","species","accepted",,1.5
"Mediterraneibacter pullicola","Bacteria","species","accepted",,1.5
"Mediterraneibacter pullistercoris","Bacteria","species","accepted",,1.5
"Mediterraneibacter quadrami","Bacteria","species","accepted",,1.5
"Mediterraneibacter stercoravium","Bacteria","species","accepted",,1.5
"Mediterraneibacter stercorigallinarum","Bacteria","species","accepted",,1.5
"Mediterraneibacter stercoripullorum","Bacteria","species","accepted",,1.5
"Mediterraneibacter surreyensis","Bacteria","species","accepted",,1.5
"Mediterraneibacter tabaqchaliae","Bacteria","species","accepted",,1.5
"Mediterraneibacter vanvlietii","Bacteria","species","accepted",,1.5
"Megamonas gallistercoris","Bacteria","species","accepted",,1.5
"Methylobacterium indicum","Bacteria","species","accepted",,1.5
"Methylobacterium radiodurans","Bacteria","species","accepted",,1.5
"Methylobacterium terrae","Bacteria","species","accepted",,1.5
"Microbacterium assamensis","Bacteria","species","accepted","Kaur et al., 2011",1.5
"Microbacterium gorillae","Bacteria","species","accepted",,1.5
"Microbacterium stercoravium","Bacteria","species","accepted",,1.5
"Microbacterium timonense","Bacteria","species","accepted",,1.5
"Mucor furfuraceus","Fungi","species","synonym","Linnaeus, 1753",1.25
"Murdochiella massiliensis","Bacteria","species","accepted","Vicino et al., 2016",1.5
"Mycoplasma capri","Bacteria","species","accepted",,1.5
"Mycoplasma zalophi","Bacteria","species","accepted","Haulena et al., 2006",1.5
"Necropsobacter massiliensis","Bacteria","species","accepted",,1.5
"Nectria resinae","Fungi","species","synonym","Fries, 1849",1.25
"Neoehrlichia lotoris","Bacteria","species","accepted",,1.5
"Nocardia atlantica","Bacteria","species","accepted","Waksman",1.5
"Nocardia marina","Bacteria","species","accepted","Waksman",1.5
"Nocardia suismassiliense","Bacteria","species","accepted",,1.5
"Nocardia terrae","Bacteria","species","accepted",,1.5
"Nocardiopsis merdipullorum","Bacteria","species","accepted",,1.5
"Odoribacter denticanis","Bacteria","species","accepted","Hardham et al., 2008",1.5
"Odoribacter faecigallinarum","Bacteria","species","accepted",,1.5
"Paenalcaligenes intestinipullorum","Bacteria","species","accepted",,1.5
"Paenibacillus granivorans","Bacteria","species","accepted","Van der Maarel et al., 2001",1.5
"Paenibacillus ihuae","Bacteria","species","accepted",,1.5
"Paenibacillus maysiensis","Bacteria","species","accepted",,1.5
"Pandoraea novymonadis","Bacteria","species","accepted",,1.5
"Pantoea endophytica","Bacteria","species","accepted",,1.5
"Pantoea herbicola","Bacteria","species","synonym","Lohnis, 1911",1.15
"Pantoea hericii","Bacteria","species","synonym",,1.5
"Pantoea latae","Bacteria","species","accepted",,1.5
"Pantoea mediterraneensis","Bacteria","species","accepted",,1.5
"Pantoea persica","Bacteria","species","accepted",,1.5
"Pantoea pleuroti","Bacteria","species","synonym",,1.15
"Parabacteroides bouchesdurhonensis","Bacteria","species","accepted",,1.5
"Parabacteroides faecavium","Bacteria","species","accepted",,1.5
"Parabacteroides intestinavium","Bacteria","species","accepted",,1.5
"Parabacteroides intestinigallinarum","Bacteria","species","accepted",,1.5
"Parabacteroides intestinipullorum","Bacteria","species","accepted",,1.5
"Parabacteroides massiliensis","Bacteria","species","accepted",,1.5
"Parabacteroides provencensis","Bacteria","species","synonym",,1.5
"Paraburkholderia acidophila","Bacteria","species","accepted",,1.5
"Paraburkholderia atlantica","Bacteria","species","accepted",,1.5
"Paraburkholderia bonniea","Bacteria","species","accepted",,1.5
"Paraburkholderia hayleyella","Bacteria","species","accepted",,1.5
"Paracoccus beibuensis","Bacteria","species","accepted","Zheng et al., 2011",1.5
"Paracoccus gahaiensis","Bacteria","species","accepted",,1.5
"Paracoccus indicus","Bacteria","species","accepted",,1.5
"Paracoccus jeotgali","Bacteria","species","accepted",,1.5
"Paracoccus mutanolyticus","Bacteria","species","accepted",,1.5
"Paracoccus ravus","Bacteria","species","accepted",,1.5
"Parvimonas micros","Bacteria","species","synonym","Smith, 1957",1.15
"Phocaeicola caecigallinarum","Bacteria","species","accepted",,1.5
"Phocaeicola excrementigallinarum","Bacteria","species","accepted",,1.5
"Phocaeicola excrementipullorum","Bacteria","species","accepted",,1.5
"Phocaeicola faecigallinarum","Bacteria","species","accepted",,1.5
"Phocaeicola faecipullorum","Bacteria","species","accepted",,1.5
"Phocaeicola gallistercoris","Bacteria","species","accepted",,1.5
"Phocaeicola merdavium","Bacteria","species","accepted",,1.5
"Phocaeicola merdigallinarum","Bacteria","species","accepted",,1.5
"Phoma cytospora","Fungi","species","synonym","Hawksworth, 1976",1.25
"Phoma dentariae","Fungi","species","synonym","Saccardo, 1884",1.25
"Photobacterium marinum","Bacteria","species","accepted",,1.5
"Pontibacter fetidus","Bacteria","species","accepted",,1.5
"Pontibacter pudoricolor","Bacteria","species","accepted",,1.5
"Pontibacter russatus","Bacteria","species","accepted",,1.5
"Prevotella avicola","Bacteria","species","accepted",,1.5
"Prevotella conceptionensis","Bacteria","species","accepted",,1.5
"Prevotella ihumii","Bacteria","species","accepted",,1.5
"Prevotella koreensis","Bacteria","species","accepted",,1.5
"Prevotella pectinovora","Bacteria","species","accepted",,1.5
"Prevotella stercoripullorum","Bacteria","species","accepted",,1.5
"Pseudoramibacter fermentans","Bacteria","species","accepted",,1.5
"Pseudoxanthomonas jiangsuensis","Bacteria","species","accepted",,1.5
"Rhizobium helanshanense","Bacteria","species","accepted","Qin et al., 2012",1.5
"Rhizobium indicum","Bacteria","species","accepted",,1.5
"Rhizobium pongamiae","Bacteria","species","accepted","Kesari et al., 2013",1.5
"Rhizobium tumefaciens","Bacteria","species","synonym","Smith et al., 1907",1.5
"Rickettsia colombianensi","Bacteria","species","synonym",,1.25
"Rickettsia philipii","Bacteria","species","synonym",,1.15
"Rothia avicola","Bacteria","species","accepted",,1.5
"Saccharomyces mandshuricus ii","Fungi","subspecies","synonym","Saito, 1914",1.25
"Saccharomyces mandshuricus iii","Fungi","subspecies","synonym","Saito, 1914",1.25
"Saccharomyces mandshuricus iv","Fungi","subspecies","synonym","Saito, 1914",1.25
"Saccharopolyspora pathumthaniensis","Bacteria","species","accepted","Sinma et al., 2011",1.5
"Shewanella bicestrii","Bacteria","species","accepted",,1.5
"Sphingobacterium deserti","Bacteria","species","accepted",,1.5
"Sphingobacterium paucimobilis","Bacteria","species","accepted",,1.5
"Sphingobacterium yamdrokense","Bacteria","species","accepted","Xiao et al., 2015",1.5
"Sphingomonas elodea","Bacteria","species","accepted",,1.5
"Sphingomonas excrementigallinarum","Bacteria","species","accepted",,1.5
"Sphingomonas taxi","Bacteria","species","accepted",,1.5
"Sporothrix sanguinea","Fungi","species","synonym","Taylor, 1977",1.25
"Sporotrichum latebrarum","Fungi","species","synonym","Link, 1818",1.25
"Sporotrichum sanguineum","Fungi","species","synonym","Ramirez et al., 1953",1.25
"Stenotrophomonas cyclobalanopsidis","Bacteria","species","accepted",,1.5
"Stenotrophomonas panacihumi","Bacteria","species","accepted","Yi et al., 2010",1.5
"Streptomyces abyssomicinicus","Bacteria","species","accepted",,1.5
"Streptomyces actuosus","Bacteria","species","accepted",,1.5
"Streptomyces agglomeratus","Bacteria","species","accepted",,1.5
"Streptomyces albicerus","Bacteria","species","accepted",,1.5
"Streptomyces bicolor","Bacteria","species","accepted",,1.5
"Streptomyces brasiliscabiei","Bacteria","species","accepted",,1.5
"Streptomyces caatingaensis","Bacteria","species","accepted",,1.5
"Streptomyces carminius","Bacteria","species","accepted",,1.5
"Streptomyces cattleya","Bacteria","species","accepted",,1.5
"Streptomyces corynorhini","Bacteria","species","accepted",,1.5
"Streptomyces cyaneogriseus","Bacteria","species","accepted",,1.5
"Streptomyces cyanogenus","Bacteria","species","accepted",,1.5
"Streptomyces dioscori","Bacteria","species","accepted",,1.5
"Streptomyces erythrochromogenes","Bacteria","species","accepted",,1.5
"Streptomyces ficellus","Bacteria","species","accepted",,1.5
"Streptomyces flavochromogenes","Bacteria","species","accepted",,1.5
"Streptomyces fulvoviolaceus","Bacteria","species","accepted",,1.5
"Streptomyces fulvoviridis","Bacteria","species","synonym",,1.5
"Streptomyces fungicidicus","Bacteria","species","accepted",,1.5
"Streptomyces gilvosporeus","Bacteria","species","accepted",,1.5
"Streptomyces himalayensis","Bacteria","species","accepted",,1.5
"Streptomyces incarnatus","Bacteria","species","accepted",,1.5
"Streptomyces jumonjinensis","Bacteria","species","accepted",,1.5
"Streptomyces kanasensis","Bacteria","species","accepted",,1.5
"Streptomyces lividans","Bacteria","species","synonym",,1.5
"Streptomyces luteocolor","Bacteria","species","synonym",,1.5
"Streptomyces malaysiense","Bacteria","species","accepted",,1.5
"Streptomyces marianii","Bacteria","species","accepted",,1.5
"Streptomyces monashensis","Bacteria","species","accepted",,1.5
"Streptomyces natalensis","Bacteria","species","accepted",,1.5
"Streptomyces nigra","Bacteria","species","accepted",,1.5
"Streptomyces oceani","Bacteria","species","accepted",,1.5
"Streptomyces olindensis","Bacteria","species","accepted",,1.5
"Streptomyces padanus","Bacteria","species","accepted","Baldacci E et al., 1968",1.5
"Streptomyces philanthi","Bacteria","species","accepted","Klykleung et al., 2016",1.5
"Streptomyces physcomitrii","Bacteria","species","accepted",,1.5
"Streptomyces pristinaespiralis","Bacteria","species","accepted",,1.5
"Streptomyces reticuli","Bacteria","species","synonym",,1.5
"Streptomyces roseochromogenus","Bacteria","species","accepted",,1.5
"Streptomyces roseus","Bacteria","species","accepted",,1.5
"Streptomyces saraceticus","Bacteria","species","accepted","Berger et al., 1962",1.5
"Streptomyces silvensis","Bacteria","species","accepted",,1.5
"Streptomyces sviceus","Bacteria","species","accepted",,1.5
"Streptomyces taklimakanensis","Bacteria","species","accepted",,1.5
"Streptomyces thermolilacinus","Bacteria","species","accepted",,1.5
"Streptomyces tibetensis","Bacteria","species","accepted",,1.5
"Streptomyces toyocaensis","Bacteria","species","accepted",,1.5
"Streptomyces triculaminicus","Bacteria","species","accepted",,1.5
"Streptomyces uncialis","Bacteria","species","accepted",,1.5
"Streptomyces xiaopingdaonensis","Bacteria","species","accepted",,1.5
"Sutterella massiliensis","Bacteria","species","accepted",,1.5
"Sutterella merdavium","Bacteria","species","accepted",,1.5
"Sutterella seckii","Bacteria","species","accepted",,1.5
"Treponema vincentii","Bacteria","species","accepted",,1.5
"Trombicula thomsoni","Animalia","species","accepted","Womersley, 1954",1.25
"Ureaplasma intestinipullorum","Bacteria","species","accepted",,1.5
"Vibrio anguillula","Bacteria","species","accepted","Muller, 1773",1.5
"Vibrio anser","Bacteria","species","accepted","Muller, 1773",1.5
"Vibrio antiquarius","Bacteria","species","synonym",,1.5
"Vibrio chemaguriensis","Bacteria","species","synonym",,1.5
"Vibrio colymbus","Bacteria","species","accepted","Muller, 1773",1.5
"Vibrio cygnus","Bacteria","species","accepted","Muller, 1773",1.5
"Vibrio falx","Bacteria","species","accepted","Muller, 1773",1.5
"Vibrio fasciola","Bacteria","species","accepted","Muller, 1773",1.5
"Vibrio hibernica","Bacteria","species","accepted",,1.5
"Vibrio intestinum","Bacteria","species","accepted","Muller, 1773",1.5
"Vibrio lineola","Bacteria","species","accepted","Muller, 1773",1.5
"Vibrio maerlii","Bacteria","species","accepted",,1.5
"Vibrio malleus","Bacteria","species","accepted","Muller, 1773",1.5
"Vibrio midae","Bacteria","species","accepted","Macey et al., 2006",1.5
"Vibrio neocaledonicus","Bacteria","species","accepted","Chalkiadakis et al., 2013",1.5
"Vibrio pommerensis","Bacteria","species","accepted","Jores et al., 2003",1.5
"Vibrio proteus","Bacteria","species","accepted","Muller, 1773",1.5
"Vibrio qinghaiensis","Bacteria","species","synonym",,1.5
"Vibrio rhodolitus","Bacteria","species","accepted",,1.5
"Vibrio serpentulus","Bacteria","species","accepted","Muller, 1773",1.5
"Vibrio tetraodonis","Bacteria","species","accepted",,1.5
"Vibrio undula","Bacteria","species","accepted","Muller, 1773",1.5
"Vibrio utriculus","Bacteria","species","accepted","Muller, 1773",1.5
"Vibrio vermiculus","Bacteria","species","accepted","Muller, 1773",1.5
"Xanthomonas sontii","Bacteria","species","accepted",,1.5
