"fullname","domain","family","source","lpsn_renamed_to","mycobank_renamed_to","gbif_renamed_to"
"Acladium","Fungi","Botryobasidiaceae","MycoBank",,"7108",
"Actinacidiphila","Bacteria","Streptomycetaceae","LPSN","517119",,"CT5LG"
"Algorimicrobium","Bacteria","Flavobacteriaceae","LPSN","517186",,
"Aliarcobacter","Bacteria","Arcobacteraceae","LPSN","515168",,"62D5H"
"Allisonella","Bacteria","Veillonellaceae","LPSN","515522",,"4459"
"Allopseudarcicella","Bacteria","Cytophagaceae","LPSN","4882",,"CRLF5"
"Alteristakelama","Bacteria","Sphingomonadaceae","LPSN","516629",,"7KV9"
"Alytosporium","Fungi","Pezizaceae","MycoBank",,"18640",
"Anaeroglobus","Bacteria","Veillonellaceae","LPSN","516031",,"CSKKH"
"Anguillospora","Fungi","Amniculicolaceae","MycoBank",,"511328",
"Angulomicrobium","Bacteria","Xanthobacteraceae","LPSN","515134",,"VLR"
"Aschersonia","Fungi","Clavicipitaceae","MycoBank",,"2434",
"Ascophora","Fungi","Mucoraceae","MycoBank",,"25484",
"Beejadwaya","Fungi","","MycoBank",,"7681",
"Billgrantia","Bacteria","Halomonadaceae","LPSN","517051",,"4SX5"
"Blastodendrion","Fungi","","MycoBank",,"7487",
"Borreliella","Bacteria","Borreliaceae","LPSN","515251",,"CRMJS"
"Bostrichonema","Fungi","Drepanopezizaceae","MycoBank",,"1601",
"Botryophoma","Fungi","Botryosphaeriaceae","MycoBank",,"8098",
"Brumicola","Bacteria","Alteromonadaceae","LPSN","515704",,"4NQG"
"Catabacter","Bacteria","Christensenellaceae","LPSN","518159",,
"Cayeuxia","Bacteria","Rivulariaceae","LPSN",,,"63RRM"
"Ceuthospora","Fungi","Phacidiaceae","MycoBank",,"1770",
"Charonectria","Fungi","Hyponectriaceae","MycoBank",,"3432",
"Chionyphe","Fungi","Mucoraceae","MycoBank",,"25484",
"Chlamydophila","Bacteria","Chlamydiaceae","LPSN","517200",,"CRRLV"
"Chrysogluten","Fungi","Nectriaceae","MycoBank",,"1273",
"Cladogirvanella","Bacteria","","LPSN",,,"QXZ4K"
"Clintoniella","Fungi","Hypocreaceae","MycoBank",,"2446",
"Coccochloris","Bacteria","Microcystaceae","LPSN","6367",,
"Cochliobolus","Fungi","Pleosporaceae","MycoBank",,"7375",
"Cognatiluteimonas","Bacteria","Lysobacteraceae","LPSN","515987",,"5HDD"
"Coleospermum","Bacteria","Leptobasaceae","LPSN",,,"5RL4"
"Coremium","Fungi","Trichocomaceae","MycoBank",,"9257",
"Corollium","Fungi","Trichocomaceae","MycoBank",,"9196",
"Creonectria","Fungi","Nectriaceae","MycoBank",,"3431",
"Crystallibacter","Bacteria","Micrococcaceae","LPSN","515179",,"CRKDF"
"Cyanothrix","Bacteria","Synechococcaceae","LPSN",,,"CP2K6"
"Cylindrocarpon","Fungi","Nectriaceae","MycoBank",,"3469",
"Debaryozyma","Fungi","Saccharomycetaceae","MycoBank",,"1432",
"Defluviimonas","Bacteria","Paracoccaceae","LPSN","515066",,"RHV"
"Dekkera","Fungi","Pichiaceae","MycoBank",,"7447",
"Dendrophoma","Fungi","Chaetosphaeriaceae","MycoBank",,"8040",
"Dendrostilbella","Fungi","Tympanidaceae","MycoBank",,"1091",
"Dicyma","Fungi","Xylariaceae","MycoBank",,"384",
"Didymaria","Fungi","Mycosphaerellaceae","MycoBank",,"9691",
"Diploplenodomus","Fungi","","MycoBank",,"9445",
"Diplosclerophoma","Fungi","Gnomoniaceae","MycoBank",,"4157",
"Dipodascus","Fungi","Dipodascaceae","MycoBank",,"8327",
"Drechslera","Fungi","Pleosporaceae","MycoBank",,"4596",
"Embellisia","Fungi","Pleosporaceae","MycoBank",,"7106",
"Epilithonimonas","Bacteria","Weeksellaceae","LPSN","516998",,"62LMM"
"Eupenicillium","Fungi","Trichocomaceae","MycoBank",,"9257",
"Eutorula","Fungi","","MycoBank",,"3147",
"Exosporium","Fungi","Mycosphaerellaceae","MycoBank",,"8495",
"Fabibacter","Bacteria","Roseivirgaceae","LPSN","517334",,"6447T"
"Farinaria","Fungi","Ustilaginaceae","MycoBank",,"16391",
"Filibacter","Bacteria","Caryophanaceae","LPSN","516655",,"CT46W"
"Fischerellopsis","Bacteria","Hapalosiphonaceae","LPSN","6472",,
"Flaviaesturariibacter","Bacteria","Chitinophagaceae","LPSN","29691",,"CTK3G"
"Fluctibacter","Bacteria","Alteromonadaceae","LPSN","515053",,"PTS"
"Fournierella","Bacteria","Oscillospiraceae","LPSN","54365",,"CTJLD"
"Fredinandcohnia","Bacteria","Bacillaceae","LPSN","14510",,"CS38N"
"Friedmanniella","Bacteria","Propionibacteriaceae","LPSN","516090",,"5RYJ"
"Fusicladium","Fungi","Venturiaceae","MycoBank",,"5717",
"Fusicoccum","Fungi","Botryosphaeriaceae","MycoBank",,"635",
"Fusisporium","Fungi","Nectriaceae","MycoBank",,"8284",
"Galactomyces","Fungi","Dipodascaceae","MycoBank",,"8327",
"Geniculosporium","Fungi","Xylariaceae","MycoBank",,"3437",
"Gliocladium","Fungi","Hypocreaceae","MycoBank",,"5122",
"Guignardia","Fungi","Phyllostictaceae","MycoBank",,"9384",
"Halarcobacter","Bacteria","Arcobacteraceae","LPSN","515168",,"62D5H"
"Halorarum","Archaea","Haloferacaceae","LPSN","515752",,"63632"
"Hansenula","Fungi","Saccharomycetaceae","MycoBank",,"5780",
"Haplographium","Fungi","Hyaloscyphaceae","MycoBank",,"1449",
"Haplotrichum","Fungi","Botryobasidiaceae","MycoBank",,"7108",
"Hassallia","Bacteria","Tolypothrichaceae","LPSN",,,"7XJP"
"Helotium","Fungi","Helotiaceae","MycoBank",,"1354",
"Hemispora","Fungi","Wallemiaceae","MycoBank",,"10428",
"Herbivorax","Bacteria","Oscillospiraceae","LPSN","514990",,"MND"
"Heterosporium","Fungi","Davidiellaceae","MycoBank",,"7681",
"Hirneola","Fungi","Auriculariaceae","MycoBank",,"17132",
"Hirsutella","Fungi","Ophiocordycipitaceae","MycoBank",,"3598",
"Hyalocylindrophora","Fungi","Chaetosphaeriaceae","MycoBank",,"8068",
"Hydrophora","Fungi","Mucoraceae","MycoBank",,"25484",
"Hypocrea","Fungi","Hypocreaceae","MycoBank",,"10282",
"Isaria","Fungi","Cordycipitaceae","MycoBank",,"1240",
"Kabatiella","Fungi","Saccotheciaceae","MycoBank",,"7297",
"Kaistella","Bacteria","Weeksellaceae","LPSN","516998",,"62LMM"
"Kinneretia","Bacteria","Sphaerotilaceae","LPSN","516494",,"63RW2"
"Komagataella","Fungi","Pichiaceae","MycoBank",,"4095",
"Kuraishia","Fungi","Pichiaceae","MycoBank",,"4095",
"Labilibacter","Bacteria","Marinilabiliaceae","LPSN","518529",,"CTD5C"
"Leptophycus","Bacteria","","LPSN","39486",,
"Macbridella","Fungi","Melanommataceae","MycoBank",,"711",
"Macrosporium","Fungi","Pleosporaceae","MycoBank",,"7106",
"Marinisubtilis","Bacteria","Microbacteriaceae","LPSN","517286",,"5RKB"
"Marmoricola","Bacteria","Nocardioidaceae","LPSN","516183",,"CSM52"
"Marortus","Bacteria","Spongiibacteraceae","LPSN","518133",,"648KZ"
"Marssonina","Fungi","Dermateaceae","MycoBank",,"1601",
"Merisma","Fungi","Thelephoraceae","MycoBank",,"18640",
"Metacordyceps","Fungi","Clavicipitaceae","MycoBank",,"8912",
"Metapseudomonas","Bacteria","Pseudomonadaceae","LPSN","517405",,
"Miainomyces","Fungi","Fomitopsidaceae","MycoBank",,"10049",
"Mitcheldeania","Bacteria","Girvanellaceae","LPSN","41883",,
"Mitsuaria","Bacteria","Comamonadaceae","LPSN","516494",,"63RW2"
"Monilia","Fungi","Sclerotiniaceae","MycoBank",,"3249",
"Moorea","Bacteria","Coleofasciculaceae","LPSN",,,"CP3YN"
"Muricauda","Bacteria","Flavobacteriaceae","LPSN","517569",,"4KBF"
"Mycolicibacterium","Bacteria","Mycobacteriaceae","LPSN","516137",,"CSMFV"
"Mycosphaerella","Fungi","Mycosphaerellaceae","MycoBank",,"9691",
"Mydonosporium","Fungi","Davidiellaceae","MycoBank",,"7681",
"Naemaspora","Fungi","Lasiosphaeriaceae","MycoBank",,"616",
"Nakazawaea","Fungi","Pachysolenaceae","MycoBank",,"4095",
"Naumovia","Fungi","","MycoBank",,"4787",
"Nectricladiella","Fungi","Nectriaceae","MycoBank",,"7869",
"Neoluteolibacter","Bacteria","Verrucomicrobiaceae","LPSN","517781",,
"Nimbya","Fungi","Pleosporaceae","MycoBank",,"7106",
"Nodulisporium","Fungi","Xylariaceae","MycoBank",,"2456",
"Novacetimonas","Bacteria","Acetobacteraceae","LPSN","518205",,"CS9Q4"
"Oceanitalea","Bacteria","Allobogoriellaceae","LPSN","515690",,"4MZR"
"Oceanomonas","Bacteria","Aeromonadaceae","LPSN","516193",,"66DD"
"Ochrobactrum","Bacteria","Bartonellaceae","LPSN","515274",,"CRQ76"
"Ochroconis","Fungi","Sympoventuriaceae","MycoBank",,"9840",
"Octosporomyces","Fungi","Schizosaccharomycetaceae","MycoBank",,"4905",
"Oidium","Fungi","Erysiphaceae","MycoBank",,"600",
"Ophiothrix","Bacteria","Scytonemataceae","LPSN","39177",,
"Ovularia","Fungi","Mycosphaerellaceae","MycoBank",,"9691",
"Paracholeplasma","Bacteria","Acholeplasmataceae","LPSN","515002",,"CRNTS"
"Paramesorhizobium","Bacteria","Bartonellaceae","LPSN","516326",,
"Paraniabella","Bacteria","Chitinophagaceae","LPSN","517528",,
"Parasphingomonas","Bacteria","Sphingomonadaceae","LPSN","516629",,"7KV9"
"Parendomyces","Fungi","","MycoBank",,"7487",
"Paucibacter","Bacteria","Sphaerotilaceae","LPSN","516494",,"63RW2"
"Pelomonas","Bacteria","Sphaerotilaceae","LPSN","516494",,"63RW2"
"Periconiella","Fungi","Mycosphaerellaceae","MycoBank",,"22396",
"Pesotum","Fungi","Ophiostomataceae","MycoBank",,"3614",
"Peyronellaea","Fungi","Didymellaceae","MycoBank",,"1548",
"Phacellium","Fungi","Mycosphaerellaceae","MycoBank",,"9691",
"Phaeoisariopsis","Fungi","Mycosphaerellaceae","MycoBank",,"9559",
"Phaeospirillum","Bacteria","Rhodospirillaceae","LPSN","515994",,"5K5B"
"Physospora","Fungi","Botryobasidiaceae","MycoBank",,"7108",
"Planobacterium","Bacteria","Weeksellaceae","LPSN","516998",,"62LMM"
"Planomicrobium","Bacteria","Caryophanaceae","LPSN","516348",,"CSVWC"
"Pleonectria","Fungi","Nectriaceae","MycoBank",,"5469",
"Pleurophoma","Fungi","Lentitheciaceae","MycoBank",,"8040",
"Polycystis","Bacteria","Microcystaceae","LPSN","55568",,
"Porphyrobacter","Bacteria","Erythrobacteraceae","LPSN","515598",,"633S9"
"Posadasia","Fungi","Onygenaceae","MycoBank",,"7712",
"Poseidonibacter","Bacteria","Arcobacteraceae","LPSN","515168",,"62D5H"
"Proteomyces","Fungi","Trichosporonaceae","MycoBank",,"10296",
"Pseudaegerita","Fungi","Hyaloscyphaceae","MycoBank",,"2392",
"Pseudallescheria","Fungi","Microascaceae","MycoBank",,"9794",
"Pseudaquabacterium","Bacteria","Sphaerotilaceae","LPSN","516514",,"63RHW"
"Pseudoblastomonas","Bacteria","Erythrobacteraceae","LPSN","515246",,"62FT6"
"Pseudocladosporium","Fungi","Venturiaceae","MycoBank",,"11631",
"Pseudoduganella","Bacteria","Oxalobacteraceae","LPSN","515558",,"48NL"
"Pseudofrankia","Bacteria","Frankiaceae","LPSN","515654",,"CS636"
"Pseudolactococcus","Bacteria","Streptococcaceae","LPSN","517059",,"59X9"
"Pseudonectriella","Fungi","Niessliaceae","MycoBank",,"834",
"Pseudophoma","Fungi","","MycoBank",,"7594",
"Pseudosphingobacterium","Bacteria","Sphingobacteriaceae","LPSN","516215",,"67T5"
"Pseudotabrizicola","Bacteria","Paracoccaceae","LPSN","518508",,"CT6DL"
"Pyrenium","Fungi","Hypocreaceae","MycoBank",,"10282",
"Radiculonema","Bacteria","Leptolyngbyaceae","LPSN","6184",,
"Rhodocephalus","Fungi","Trichocomaceae","MycoBank",,"7248",
"Rhodomyces","Fungi","Cystofilobasidiaceae","MycoBank",,"10025",
"Salinimonas","Bacteria","Alteromonadaceae","LPSN","515095",,"CRKRG"
"Saprochaete","Fungi","Dipodascaceae","MycoBank",,"2978",
"Scheleobrachea","Fungi","Pleosporaceae","MycoBank",,"9412",
"Schwanniomyces","Fungi","Debaryomycetaceae","MycoBank",,"1432",
"Sclerotiopsis","Fungi","Chaetomellaceae","MycoBank",,"9395",
"Segatella","Bacteria","Prevotellaceae","LPSN","516385",,"6VM5"
"Sepedonium","Fungi","Hypocreaceae","MycoBank",,"2446",
"Sinisalibacter","Bacteria","Roseobacteraceae","LPSN","517616",,"5LFN"
"Sinorhizobium","Bacteria","Rhizobiaceae","LPSN","515585",,"4C26"
"Siphonema","Bacteria","Chroococcaceae","GBIF",,,"CPJWD"
"Solilutibacter","Bacteria","Lysobacteraceae","LPSN","515987",,"CSDJR"
"Soonwooa","Bacteria","Weeksellaceae","LPSN","516998",,"62LMM"
"Sorocybe","Fungi","Herpotrichiellaceae","MycoBank",,"8556",
"Spermosporina","Fungi","Trichosphaeriaceae","MycoBank",,"4197",
"Sphaerocista","Fungi","Helotiaceae","MycoBank",,"2104",
"Sphaeropsis","Fungi","Botryosphaeriaceae","MycoBank",,"173",
"Sphaerostilbe","Fungi","Nectriaceae","MycoBank",,"3431",
"Spicaria","Fungi","","MycoBank",,"7701",
"Spiromastigoides","Fungi","Spiromastigoidaceae","MycoBank",,"5152",
"Spongiibacterium","Bacteria","Flavobacteriaceae","LPSN","517569",,"4KBF"
"Starkeya","Bacteria","Xanthobacteraceae","LPSN","515134",,"VLR"
"Stigmina","Fungi","Mycosphaerellaceae","MycoBank",,"9559",
"Syringospora","Fungi","","MycoBank",,"7487",
"Tapinothrix","Bacteria","Leptolyngbyaceae","LPSN","6503",,
"Tatlockia","Bacteria","Legionellaceae","LPSN","515933",,"CSCJQ"
"Theclospora","Fungi","Trichocomaceae","MycoBank",,"1772",
"Thelactis","Fungi","Mucoraceae","MycoBank",,"25484",
"Topospora","Fungi","Godroniaceae","MycoBank",,"2104",
"Torulopsis","Fungi","","MycoBank",,"3147",
"Trichlorobacter","Bacteria","Geobacteraceae","LPSN","517041",,"4MV9"
"Tschichatschevia","Bacteria","Euconophytonidae","LPSN","52056",,
"Tubercularia","Fungi","Nectriaceae","MycoBank",,"3431",
"Ugola","Fungi","Lyophyllaceae","MycoBank",,"7267",
"Ulocladium","Fungi","Pleosporaceae","MycoBank",,"7106",
"Uredo","Fungi","Pucciniaceae","MycoBank",,"16382",
"Vermicularia","Fungi","Glomerellaceae","MycoBank",,"7737",
"Vouauxiomyces","Fungi","","MycoBank",,"4",
"Vreelandella","Bacteria","Halomonadaceae","LPSN","517051",,"4SX5"
"Weizmannia","Bacteria","Bacillaceae","LPSN","14512",,"CRR5V"
"Xaviernesmea","Bacteria","Rhizobiaceae","LPSN","517172",,"SKB"
"Xylanibacter","Bacteria","Prevotellaceae","LPSN","516385",,"6VM5"
"Yangia","Bacteria","Roseobacteraceae","LPSN","40259",,"CRJTH"
"Yuhushiella","Bacteria","Pseudonocardiaceae","LPSN","515111",,"62C5R"
"Zonotrichites","Bacteria","Rivulariaceae","LPSN","6497",,
"Zymonema","Fungi","","MycoBank",,"7389",
